Pos,Title,Director,Year,Country,Length,Genre,Colour
1,Citizen Kane,"Welles, Orson",1941,USA,119,Drama-Mystery,BW
2,Vertigo,"Hitchcock, Alfred",1958,USA,128,Thriller-Drama-Mystery,Col
3,2001: A Space Odyssey,"Kubrick, Stanley",1968,UK-USA,139,Science Fiction,Col
4,"Rules of the Game, The","Renoir, Jean",1939,France,113,Drama-Comedy,BW
5,Tokyo Story,"Ozu, Yasujiro",1953,Japan,134,Drama,BW
6,8½,"Fellini, Federico",1963,Italy,135,Drama,BW
7,"Godfather, The","Coppola, Francis Ford",1972,USA,175,Drama-Crime,Col
8,Sunrise,"Murnau, F.W.",1927,USA,110,Romance-Drama-Crime,BW
9,"Searchers, The","Ford, John",1956,USA,119,Western,Col
10,Seven Samurai,"Kurosawa, Akira",1954,Japan,200,Drama-Action-History,BW
11,Apocalypse Now,"Coppola, Francis Ford",1979,USA,150,War-Drama-Adventure,Col
12,Singin' in the Rain,"Donen, Stanley/Gene Kelly",1952,USA,102,Musical-Dance-Comedy,Col
13,Bicycle Thieves,"De Sica, Vittorio",1948,Italy,90,Drama,BW
14,Battleship Potemkin,"Eisenstein, Sergei",1925,USSR,71,War-History,BW
15,Taxi Driver,"Scorsese, Martin",1976,USA,113,Drama-Crime,Col
16,Breathless,"Godard, Jean-Luc",1960,France,89,Romance-Drama-Crime,BW
17,"Atalante, L'","Vigo, Jean",1934,France,89,Romance-Drama,BW
18,"Passion of Joan of Arc, The","Dreyer, Carl Theodor",1928,France,110,History-Drama-Biography,BW
19,Persona,"Bergman, Ingmar",1966,Sweden,83,Drama-Thriller,BW
20,"Man with a Movie Camera, The","Vertov, Dziga",1929,USSR,80,Documentary-Avant-Garde,BW
21,Rashomon,"Kurosawa, Akira",1950,Japan,88,Drama-Crime,BW
22,Psycho,"Hitchcock, Alfred",1960,USA,109,Thriller-Horror,BW
23,Andrei Rublev,"Tarkovsky, Andrei",1966,USSR,185,History-Biography,Col-BW
24,"400 Blows, The","Truffaut, François",1959,France,99,Drama,BW
25,Raging Bull,"Scorsese, Martin",1980,USA,128,Sport-Drama-Biography,BW
26,"Godfather Part II, The","Coppola, Francis Ford",1974,USA,200,Drama-Crime,Col
27,City Lights,"Chaplin, Charles",1931,USA,86,Romance-Comedy,BW
28,Some Like it Hot,"Wilder, Billy",1959,USA,119,Romance-Crime-Comedy,BW
29,"Mirror, The","Tarkovsky, Andrei",1975,USSR,108,Drama-Biography,Col-BW
30,"Dolce vita, La","Fellini, Federico",1960,Italy,175,Drama,BW
31,Touch of Evil,"Welles, Orson",1958,USA,108,Thriller-Crime,BW
32,Lawrence of Arabia,"Lean, David",1962,UK,216,War-Biography-Adventure,Col
33,Sunset Blvd.,"Wilder, Billy",1950,USA,110,Drama,BW
34,Au hasard Balthazar,"Bresson, Robert",1966,France,95,Drama,BW
35,Ordet,"Dreyer, Carl Theodor",1955,Denmark,125,Religious-Drama,BW
36,Casablanca,"Curtiz, Michael",1942,USA,102,War-Romance-Drama,BW
37,"Avventura, L'","Antonioni, Michelangelo",1960,Italy-France,145,Drama-Mystery-Romance,BW
38,Blade Runner,"Scott, Ridley",1982,USA,118,Science Fiction-Thriller-Drama,Col
39,"General, The","Keaton, Buster/Clyde Bruckman",1926,USA,74,Comedy-Adventure,BW
40,Contempt,"Godard, Jean-Luc",1963,France-Italy,103,Drama,Col
41,Rear Window,"Hitchcock, Alfred",1954,USA,112,Thriller-Mystery,Col
42,In the Mood for Love,Wong Kar-wai,2000,Hong Kong-France,97,Romance-Drama,Col
43,"Night of the Hunter, The","Laughton, Charles",1955,USA,93,Thriller,BW
44,"Grande illusion, La","Renoir, Jean",1937,France,117,Prison-Drama-War,BW
45,Ugetsu monogatari,"Mizoguchi, Kenji",1953,Japan,96,Drama,BW
46,Dr. Strangelove or: How I Learned to Stop Worrying and Love the Bomb,"Kubrick, Stanley",1964,UK-USA,93,War-Comedy,BW
47,"Third Man, The","Reed, Carol",1949,UK,104,Thriller-Mystery,BW
48,Barry Lyndon,"Kubrick, Stanley",1975,UK,183,Drama,Col
49,Playtime,"Tati, Jacques",1967,France,108,Comedy,Col
50,Mulholland Dr.,"Lynch, David",2001,France-USA,147,Mystery-Drama-Thriller,Col
51,Modern Times,"Chaplin, Charles",1936,USA,89,Comedy-Romance,BW
52,Stalker,"Tarkovsky, Andrei",1979,USSR,160,Science Fiction-Mystery,Col-BW
53,Fanny and Alexander,"Bergman, Ingmar",1982,Sweden,189,Drama,Col
54,Rio Bravo,"Hawks, Howard",1959,USA,141,Western,Col
55,Chinatown,"Polanski, Roman",1974,USA,131,Mystery-Crime,Col
56,M,"Lang, Fritz",1931,Germany,99,Thriller-Drama-Crime,BW
57,Pather Panchali,"Ray, Satyajit",1955,India,112,Drama,BW
58,North by Northwest,"Hitchcock, Alfred",1959,USA,136,Thriller-Spy-Romance,Col
59,"Apartment, The","Wilder, Billy",1960,USA,125,Drama-Comedy,BW
60,Metropolis,"Lang, Fritz",1927,Germany,153,Fantasy-Science Fiction-Drama,BW
61,Wild Strawberries,"Bergman, Ingmar",1957,Sweden,90,Drama,BW
62,"Enfants du paradis, Les","Carné, Marcel",1945,France,195,Romance-Drama,BW
63,Pierrot le fou,"Godard, Jean-Luc",1965,France-Italy,110,Romance-Drama-Crime,Col
64,Pulp Fiction,"Tarantino, Quentin",1994,USA,154,Drama-Crime-Comedy,Col
65,Once Upon a Time in the West,"Leone, Sergio",1968,Italy-USA,165,Western,Col
66,Viridiana,"Buñuel, Luis",1961,Spain,90,Drama,BW
67,"Strada, La","Fellini, Federico",1954,Italy,115,Drama,BW
68,GoodFellas,"Scorsese, Martin",1990,USA,146,Drama-Crime,Col
69,"Wild Bunch, The","Peckinpah, Sam",1969,USA,144,Western,Col
70,Amarcord,"Fellini, Federico",1973,Italy,127,Drama-Comedy,Col
71,Shoah,"Lanzmann, Claude",1985,France,566,Documentary,Col
72,"Leopard, The","Visconti, Luchino",1963,Italy,205,History-Drama-War,Col
73,"Seventh Seal, The","Bergman, Ingmar",1957,Sweden,96,Fantasy-Drama,BW
74,Voyage in Italy,"Rossellini, Roberto",1954,Italy,97,Romance-Drama,BW
75,"Battle of Algiers, The","Pontecorvo, Gillo",1966,Italy-Algeria,123,War-Political-Drama,BW
76,"Gold Rush, The","Chaplin, Charles",1925,USA,82,Comedy-Adventure-Family,BW
77,"Clockwork Orange, A","Kubrick, Stanley",1971,UK,137,Science Fiction-Crime-Drama,Col
78,"Magnificent Ambersons, The","Welles, Orson",1942,USA,88,Drama,BW
79,Pickpocket,"Bresson, Robert",1959,France,75,Drama-Crime,BW
80,Late Spring,"Ozu, Yasujiro",1949,Japan,108,Romance-Drama-Family,BW
81,Close-Up,"Kiarostami, Abbas",1990,Iran,98,Documentary-Drama-Crime,Col
82,Jules et Jim,"Truffaut, François",1962,France,104,Romance-Drama,BW
83,It's a Wonderful Life,"Capra, Frank",1946,USA,129,Fantasy-Drama-Family,BW
84,"Shining, The","Kubrick, Stanley",1980,USA,142,Horror,Col
85,"Jeanne Dielman, 23 Quai du Commerce, 1080 Bruxelles","Akerman, Chantal",1975,Belgium-France,201,Drama-Avant-Garde,Col
86,Annie Hall,"Allen, Woody",1977,USA,94,Romance-Comedy,Col
87,"Conformist, The","Bertolucci, Bernardo",1970,Italy-France-West Germany,107,Political-Drama,Col
88,Nashville,"Altman, Robert",1975,USA,159,Drama,Col
89,Blue Velvet,"Lynch, David",1986,USA,120,Mystery-Crime-Drama,Col
90,Gertrud,"Dreyer, Carl Theodor",1964,Denmark,116,Drama,BW
91,Sansho the Bailiff,"Mizoguchi, Kenji",1954,Japan,125,Drama,BW
92,"Man Escaped, A","Bresson, Robert",1956,France,102,Prison-Drama,BW
93,"Man Who Shot Liberty Valance, The","Ford, John",1962,USA,119,Western,BW
94,Jaws,"Spielberg, Steven",1975,USA,124,Horror-Thriller-Adventure,Col
95,"Woman Under the Influence, A","Cassavetes, John",1974,USA,155,Drama,Col
96,Once Upon a Time in America,"Leone, Sergio",1984,Italy-USA,229,Drama-Crime,Col
97,Greed,"von Stroheim, Erich",1924,USA,140,Drama,BW
98,Blow-Up,"Antonioni, Michelangelo",1966,Italy-UK,111,Mystery-Drama,Col
99,Last Year at Marienbad,"Resnais, Alain",1961,France-Italy,94,Drama-Mystery-Avant-Garde,BW
100,To Be or Not to Be,"Lubitsch, Ernst",1942,USA,99,War-Comedy,BW
101,Sans soleil,"Marker, Chris",1983,France,100,Avant-Garde-Documentary,Col
102,Aguirre: The Wrath of God,"Herzog, Werner",1972,West Germany,94,History-Drama-Adventure,Col
103,"Mother and the Whore, The","Eustache, Jean",1973,France,210,Drama,BW
104,"Wizard of Oz, The","Fleming, Victor",1939,USA,101,Musical-Fantasy-Family,Col-BW
105,"Spirit of the Beehive, The","Erice, Victor",1973,Spain,95,Drama,Col
106,Hiroshima mon amour,"Resnais, Alain",1959,France-Japan,91,Drama,BW
107,Madame de...,"Ophüls, Max",1953,France-Italy,105,Romance-Drama,BW
108,Gone with the Wind,"Fleming, Victor",1939,USA,222,History-Romance-Drama,Col
109,Sátántangó,"Tarr, Béla",1994,Hungary-Germany-Switzerland,450,Drama-Comedy-Mystery,BW
110,"Eclisse, L'","Antonioni, Michelangelo",1962,Italy-France,126,Drama-Romance,BW
111,Alien,"Scott, Ridley",1979,USA,117,Science Fiction-Horror,Col
112,Intolerance,"Griffith, D.W.",1916,USA,178,History-Drama,BW
113,One Flew Over the Cuckoo's Nest,"Forman, Milos",1975,USA,133,Drama,Col
114,E.T. The Extra-Terrestrial,"Spielberg, Steven",1982,USA,115,Science Fiction-Family,Col
115,Beau travail,"Denis, Claire",1999,France,92,Drama,Col
116,Nosferatu,"Murnau, F.W.",1922,Germany,84,Horror,BW
117,"Jetée, La","Marker, Chris",1962,France,27,Science Fiction-Drama-Short,BW
118,Yi yi,"Yang, Edward",2000,Taiwan-Japan,173,Drama,Col
119,Ikiru,"Kurosawa, Akira",1952,Japan,143,Drama,BW
120,Star Wars,"Lucas, George",1977,USA,121,Science Fiction-Fantasy-Adventure,Col
121,Letter from an Unknown Woman,"Ophüls, Max",1948,USA,90,Romance-Drama,BW
122,Sherlock Jr.,"Keaton, Buster",1924,USA,45,Fantasy-Comedy,BW
123,Manhattan,"Allen, Woody",1979,USA,96,Romance-Comedy,BW
124,"Brighter Summer Day, A","Yang, Edward",1991,Taiwan,237,Crime-Romance-Drama,Col
125,Bringing Up Baby,"Hawks, Howard",1938,USA,102,Romance-Comedy,BW
126,Partie de campagne,"Renoir, Jean",1936,France,40,Romance-Drama-Short,BW
127,Vivre sa vie,"Godard, Jean-Luc",1962,France,85,Drama,BW
128,Don't Look Now,"Roeg, Nicolas",1973,UK,110,Mystery-Thriller,Col
129,All About Eve,"Mankiewicz, Joseph L.",1950,USA,138,Drama,BW
130,Rosemary's Baby,"Polanski, Roman",1968,USA,136,Thriller-Horror-Drama,Col
131,"Rome, Open City","Rossellini, Roberto",1945,Italy,105,War-Drama,BW
132,My Darling Clementine,"Ford, John",1946,USA,97,Western,BW
133,"Olvidados, Los","Buñuel, Luis",1950,Mexico,88,Drama-Crime,BW
134,His Girl Friday,"Hawks, Howard",1940,USA,92,Romance-Comedy,BW
135,"Âge d'or, L'","Buñuel, Luis",1930,France,63,Drama-Avant-Garde-Experimental,BW
136,Badlands,"Malick, Terrence",1973,USA,95,Drama-Crime,Col
137,Do the Right Thing,"Lee, Spike",1989,USA,120,Drama-Comedy,Col
138,"Good, the Bad and the Ugly, The","Leone, Sergio",1966,Italy-Spain,161,Western-Action,Col
139,Notorious,"Hitchcock, Alfred",1946,USA,101,Romance-Thriller-Mystery,BW
140,"Lady Eve, The","Sturges, Preston",1941,USA,94,Romance-Comedy,BW
141,"Chien andalou, Un","Buñuel, Luis",1928,France,16,Horror-Fantasy-Avant-Garde,BW
142,Ali: Fear Eats the Soul,"Fassbinder, Rainer Werner",1974,West Germany,94,Romance-Drama,Col
143,Stagecoach,"Ford, John",1939,USA,96,Western-Action-Drama,BW
144,"Gospel According to St. Matthew, The","Pasolini, Pier Paolo",1964,Italy-France,135,Religious-Drama,BW
145,Come and See,"Klimov, Elem",1985,USSR,136,War-Drama-History,Col
146,Duck Soup,"McCarey, Leo",1933,USA,70,Comedy,BW
147,"Passenger, The","Antonioni, Michelangelo",1975,Italy,119,Drama,Col
148,Trouble in Paradise,"Lubitsch, Ernst",1932,USA,83,Romance-Comedy,BW
149,Brief Encounter,"Lean, David",1945,UK,85,Romance-Drama,BW
150,Cries and Whispers,"Bergman, Ingmar",1972,Sweden,106,Drama,Col
151,"Conversation, The","Coppola, Francis Ford",1974,USA,113,Thriller-Drama-Crime,Col
152,Days of Heaven,"Malick, Terrence",1978,USA,95,Romance-Drama,Col
153,Histoire(s) du cinéma,"Godard, Jean-Luc",1998,France,265,Documentary,Col-BW
154,"Matter of Life and Death, A","Powell, Michael/Emeric Pressburger",1946,UK,104,Romance-Fantasy-Comedy,Col-BW
155,Double Indemnity,"Wilder, Billy",1944,USA,106,Mystery-Crime,BW
156,"Exterminating Angel, The","Buñuel, Luis",1962,Mexico,95,Drama-Fantasy-Mystery,BW
157,"Umbrellas of Cherbourg, The","Demy, Jacques",1964,France-Germany,91,Romance-Musical-Drama,Col
158,On the Waterfront,"Kazan, Elia",1954,USA,108,Drama,BW
159,Spirited Away,"Miyazaki, Hayao",2001,Japan,124,Animated-Adventure-Fantasy,Col
160,"Deer Hunter, The","Cimino, Michael",1978,USA,183,War-Drama,Col
161,Spring in a Small Town,Fei Mu,1948,China,85,Romance-Drama,BW
162,"Red Shoes, The","Powell, Michael/Emeric Pressburger",1948,UK,133,Dance-Musical-Drama,Col
163,There Will Be Blood,"Anderson, Paul Thomas",2007,USA,158,Drama,Col
164,Chimes at Midnight,"Welles, Orson",1965,France-Spain-Switzerland,115,War-Drama-Comedy,BW
165,"Discreet Charm of the Bourgeoisie, The","Buñuel, Luis",1972,France,100,Fantasy-Drama-Comedy,Col
166,"Piano, The","Campion, Jane",1993,New Zealand-Australia-France,121,History-Drama-Romance,Col
167,"Tree of Life, The","Malick, Terrence",2011,USA,139,Drama,Col
168,Rocco and His Brothers,"Visconti, Luchino",1960,Italy-France,180,Drama,BW
169,King Kong,"Cooper, Merian C./Ernest B. Schoedsack",1933,USA,103,Fantasy-Adventure-Horror,BW
170,Earth,"Dovzhenko, Alexander",1930,USSR,75,Drama,BW
171,"Argent, L'","Bresson, Robert",1983,France-Switzerland,90,Drama-Crime,Col
172,"River, The","Renoir, Jean",1951,France-India-USA,99,Romance-Drama,Col
173,Black Narcissus,"Powell, Michael/Emeric Pressburger",1947,UK,99,Drama-Religious,Col
174,"Birds, The","Hitchcock, Alfred",1963,USA,120,Horror,Col
175,Brazil,"Gilliam, Terry",1985,UK,131,Science Fiction-Fantasy,Col
176,Napoléon,"Gance, Abel",1927,France,235,War-History-Biography,BW
177,"Last Laugh, The","Murnau, F.W.",1924,Germany,77,Drama,BW
178,Mouchette,"Bresson, Robert",1967,France,80,Drama,BW
179,"Texas Chainsaw Massacre, The","Hooper, Tobe",1974,USA,83,Thriller-Horror,Col
180,"Thin Red Line, The","Malick, Terrence",1998,USA,170,War-Drama-Action,Col
181,"Great Dictator, The","Chaplin, Charles",1940,USA,128,War-Comedy-Political,BW
182,Imitation of Life,"Sirk, Douglas",1959,USA,124,Drama-Romance,Col
183,Kes,"Loach, Ken",1969,UK,113,Drama,Col
184,"Grapes of Wrath, The","Ford, John",1940,USA,129,Drama,BW
185,Dekalog,"Kieslowski, Krzysztof",1988,Poland-West Germany,550,Drama,Col
186,Breaking the Waves,"von Trier, Lars",1996,Denmark-Sweden-France-Netherlands-Norway-Iceland-Spain,156,Romance-Drama,Col
187,Night and Fog,"Resnais, Alain",1955,France,32,War-Documentary-Short,Col-BW
188,Out of the Past,"Tourneur, Jacques",1947,USA,97,Thriller-Mystery-Crime,BW
189,Death in Venice,"Visconti, Luchino",1971,Italy,130,Drama,Col
190,Solaris,"Tarkovsky, Andrei",1972,USSR,165,Science Fiction-Drama-Mystery,Col-BW
191,Umberto D.,"De Sica, Vittorio",1952,Italy,89,Drama,BW
192,"City of Sadness, A",Hou Hsiao-hsien,1989,Taiwan-Hong Kong,157,Political-Drama,Col
193,Raiders of the Lost Ark,"Spielberg, Steven",1981,USA,115,Adventure-Action,Col
194,Chungking Express,Wong Kar-wai,1994,Hong Kong,104,Romance-Drama,Col
195,Nights of Cabiria,"Fellini, Federico",1957,Italy-France,110,Drama,BW
196,Fargo,"Coen, Joel & Ethan Coen",1996,USA,98,Drama-Crime-Comedy,Col
197,Eternal Sunshine of the Spotless Mind,"Gondry, Michel",2004,USA,108,Romance-Drama-Comedy,Col
198,Close Encounters of the Third Kind,"Spielberg, Steven",1977,USA,135,Science Fiction-Adventure,Col
199,Paisan,"Rossellini, Roberto",1946,Italy,120,War-Drama,BW
200,"Life and Death of Colonel Blimp, The","Powell, Michael/Emeric Pressburger",1943,UK,163,War-Drama-Comedy,Col
201,Belle de jour,"Buñuel, Luis",1967,France-Italy,100,Drama,Col
202,"Samouraï, Le","Melville, Jean-Pierre",1967,France,95,Thriller-Crime,Col
203,Vampyr,"Dreyer, Carl Theodor",1932,Germany-France,73,Horror,BW
204,"Travelling Players, The","Angelopoulos, Theo",1975,Greece,230,Political-Drama,Col
205,"Salò, or the 120 Days of Sodom","Pasolini, Pier Paolo",1975,Italy,117,Horror-Drama-Political,Col
206,McCabe & Mrs. Miller,"Altman, Robert",1971,USA,121,Western-Drama,Col
207,"Black God, White Devil","Rocha, Glauber",1964,Brazil,110,Political-Drama-Crime,BW
208,"Exorcist, The","Friedkin, William",1973,USA,122,Horror,Col
209,Unforgiven,"Eastwood, Clint",1992,USA,127,Western,Col
210,"Cabinet of Dr. Caligari, The","Wiene, Robert",1920,Germany,69,Horror-Fantasy,BW
211,Red River,"Hawks, Howard",1948,USA,133,Western,BW
212,"Big Lebowski, The","Coen, Joel & Ethan Coen",1998,USA-UK,113,Comedy-Crime,Col
213,Celine and Julie Go Boating,"Rivette, Jacques",1974,France,192,Fantasy-Drama-Avant-Garde,Col
214,Ran,"Kurosawa, Akira",1985,France-Japan,161,War-History-Drama,Col
215,Sweet Smell of Success,"Mackendrick, Alexander",1957,USA,96,Drama,BW
216,Caché,"Haneke, Michael",2005,France-Austria-Germany-Italy-USA,117,Thriller-Drama,Col
217,"Graduate, The","Nichols, Mike",1967,USA,105,Romance-Drama-Comedy,Col
218,Wings of Desire,"Wenders, Wim",1987,West Germany-France,130,Fantasy-Drama,Col-BW
219,Performance,"Roeg, Nicolas/Donald Cammell",1970,UK,105,Drama,Col
220,"Ivan the Terrible, Part 2","Eisenstein, Sergei",1946,USSR,88,History-Drama-Biography,Col-BW
221,Tropical Malady,"Weerasethakul, Apichatpong",2004,Thailand-France-Germany-Italy,118,Drama-Fantasy-Romance,Col
222,"Quiet Man, The","Ford, John",1952,USA,129,Romance-Drama-Comedy,Col
223,Schindler's List,"Spielberg, Steven",1993,USA,195,War-History-Drama,Col-BW
224,"Best Years of Our Lives, The","Wyler, William",1946,USA,172,War-Drama,BW
225,Only Angels Have Wings,"Hawks, Howard",1939,USA,121,Drama-Adventure-Romance,BW
226,Ashes and Diamonds,"Wajda, Andrzej",1958,Poland,96,War-Drama-Political,BW
227,My Neighbour Totoro,"Miyazaki, Hayao",1988,Japan,86,Fantasy-Family-Animated,Col
228,Paths of Glory,"Kubrick, Stanley",1957,USA,86,War-Drama,BW
229,"Notte, La","Antonioni, Michelangelo",1961,Italy-France,120,Drama,BW
230,"Band Wagon, The","Minnelli, Vincente",1953,USA,112,Musical-Dance-Comedy,Col
231,Wavelength,"Snow, Michael",1967,Canada-USA,45,Avant-Garde,Col
232,Groundhog Day,"Ramis, Harold",1993,USA,103,Romance-Fantasy-Comedy,Col
233,Diary of a Country Priest,"Bresson, Robert",1951,France,120,Religious-Drama,BW
234,Kind Hearts and Coronets,"Hamer, Robert",1949,UK,104,Comedy,BW
235,Nanook of the North,"Flaherty, Robert",1922,USA,79,Documentary,BW
236,"Treasure of the Sierra Madre, The","Huston, John",1948,USA,124,Adventure-Drama-Western,BW
237,Night of the Living Dead,"Romero, George A.",1968,USA,96,Horror,BW
238,Zero for Conduct,"Vigo, Jean",1933,France,41,Short-Drama,BW
239,Cléo from 5 to 7,"Varda, Agnès",1962,France,90,Drama,BW
240,"Germany, Year Zero","Rossellini, Roberto",1948,Italy-West Germany,74,War-Drama,BW
241,"Paris, Texas","Wenders, Wim",1984,USA,150,Drama,Col
242,Sullivan's Travels,"Sturges, Preston",1941,USA,91,Romance-Comedy,BW
243,Bonnie and Clyde,"Penn, Arthur",1967,USA,111,Drama-Crime-Biography,Col
244,"Thing, The","Carpenter, John",1982,USA,108,Science Fiction-Action-Horror,Col
245,F for Fake,"Welles, Orson",1973,France-Iran-West Germany,85,Documentary-Avant-Garde,Col
246,Johnny Guitar,"Ray, Nicholas",1954,USA,110,Western,Col
247,Meet Me in St. Louis,"Minnelli, Vincente",1944,USA,113,Musical-Family-Drama,Col
248,"Crowd, The","Vidor, King",1928,USA,104,Drama,BW
249,"Colour of Pomegranates, The","Parajanov, Sergei",1969,USSR,73,History-Avant-Garde,Col
250,Two or Three Things I Know About Her,"Godard, Jean-Luc",1966,France,87,Drama,Col
251,"Ivan the Terrible, Part 1","Eisenstein, Sergei",1944,USSR,96,History-Drama-Biography,BW
252,Magnolia,"Anderson, Paul Thomas",1999,USA,188,Drama,Col-BW
253,Mr. Hulot's Holiday,"Tati, Jacques",1953,France,86,Comedy,BW
254,Tabu,"Murnau, F.W.",1931,USA,82,Romance-Drama-Adventure,BW
255,"Shop Around the Corner, The","Lubitsch, Ernst",1940,USA,97,Romance-Comedy,BW
256,Uncle Boonmee Who Can Recall His Past Lives,"Weerasethakul, Apichatpong",2010,Thailand-UK-France-Germany-Spain-Netherlands,113,Drama-Fantasy,Col
257,Floating Clouds,"Naruse, Mikio",1955,Japan,123,Romance-Drama,BW
258,"Maltese Falcon, The","Huston, John",1941,USA,100,Mystery,BW
259,Memories of Underdevelopment,"Gutiérrez Alea, Tomás",1968,Cuba,97,Political-Romance-Drama,BW
260,"Life of Oharu, The","Mizoguchi, Kenji",1952,Japan,146,Drama,BW
261,My Night at Maud's,"Rohmer, Eric",1969,France,105,Romance-Drama,BW
262,Faces,"Cassavetes, John",1968,USA,130,Drama,BW
263,"Thin Blue Line, The","Morris, Errol",1988,USA,96,Documentary,Col
264,Freaks,"Browning, Tod",1932,USA,64,Horror-Drama,BW
265,"Verdugo, El","García Berlanga, Luis",1963,Spain-Italy,90,Drama-Comedy,BW
266,Day of Wrath,"Dreyer, Carl Theodor",1943,Denmark,110,Drama,BW
267,Cinema Paradiso,"Tornatore, Giuseppe",1988,Italy-France,123,Drama-Comedy,Col
268,Eraserhead,"Lynch, David",1977,USA,85,Horror-Fantasy-Science Fiction,BW
269,"Belle et la bête, La","Cocteau, Jean",1946,France,95,Fantasy,BW
270,Mean Streets,"Scorsese, Martin",1973,USA,110,Drama-Crime,Col
271,"Distant Voices, Still Lives","Davies, Terence",1988,UK,85,Drama,Col
272,"Story of the Last Chrysanthemums, The","Mizoguchi, Kenji",1939,Japan,148,Romance-Drama,BW
273,Three Colours: Red,"Kieslowski, Krzysztof",1994,France-Switzerland-Poland,99,Drama,Col
274,In a Lonely Place,"Ray, Nicholas",1950,USA,91,Drama-Mystery-Romance,BW
275,Broken Blossoms,"Griffith, D.W.",1919,USA,90,Romance-Drama,BW
276,Meshes of the Afternoon,"Deren, Maya & Alexander Hammid",1943,USA,15,Short-Avant-Garde-Fantasy,BW
277,Kings of the Road,"Wenders, Wim",1976,West Germany,175,Drama,BW
278,Love Streams,"Cassavetes, John",1984,USA,141,Drama,Col
279,City of God,"Meirelles, Fernando & Kátia Lund",2002,Brazil-Germany-France,129,Drama-Crime-Action,Col
280,Throne of Blood,"Kurosawa, Akira",1957,Japan,108,War-Drama,BW
281,Eyes Wide Shut,"Kubrick, Stanley",1999,USA-UK,159,Thriller-Drama,Col
282,Peeping Tom,"Powell, Michael",1960,UK,109,Thriller-Drama,Col
283,"Empire Strikes Back, The","Kershner, Irvin",1980,USA,124,Science Fiction-Fantasy-Adventure,Col
284,Three Colours: Blue,"Kieslowski, Krzysztof",1993,France-Poland-Switzerland,100,Drama,Col
285,Holy Motors,"Carax, Leos",2012,France-Germany,115,Drama-Fantasy,Col
286,Dog Day Afternoon,"Lumet, Sidney",1975,USA,125,Drama-Crime,Col
287,"Wages of Fear, The","Clouzot, Henri-Georges",1953,France-Italy,105,Thriller-Adventure-Action,BW
288,"Autumn Afternoon, An","Ozu, Yasujiro",1962,Japan,115,Drama,Col
289,Pandora's Box,"Pabst, G.W.",1929,Germany,133,Drama-Crime-Romance,BW
290,Back to the Future,"Zemeckis, Robert",1985,USA,116,Science Fiction-Comedy,Col
291,"Matrix, The","Wachowski, Lana & Lilly Wachowski",1999,USA-Australia,136,Science Fiction-Action-Adventure,Col
292,Daisies,"Chytilová, Vera",1966,Czechoslovakia,76,Drama-Comedy-Avant Garde,Col-BW
293,"Music Room, The","Ray, Satyajit",1958,India,95,Drama,BW
294,Underground,"Kusturica, Emir",1995,Yugoslavia-France-Germany-Bulgaria-Czech Republic-Hungary,192,War-Drama-Comedy,Col
295,Monsieur Verdoux,"Chaplin, Charles",1947,USA,123,Crime-Comedy,BW
296,Videodrome,"Cronenberg, David",1983,Canada,90,Horror-Science Fiction,Col
297,Where is the Friend's Home?,"Kiarostami, Abbas",1987,Iran,85,Drama,Col
298,Crimes and Misdemeanors,"Allen, Woody",1989,USA,104,Drama-Comedy,Col
299,Husbands,"Cassavetes, John",1970,USA,138,Drama,Col
300,Wanda,"Loden, Barbara",1970,USA,105,Drama-Crime,Col
301,Killer of Sheep,"Burnett, Charles",1977,USA,83,Drama,BW
302,"Big Sleep, The","Hawks, Howard",1946,USA,114,Mystery-Crime,BW
303,This is Spinal Tap,"Reiner, Rob",1984,USA,82,Comedy-Musical,Col
304,"Birth of a Nation, The","Griffith, D.W.",1915,USA,187,War-History-Drama,BW
305,Touki Bouki,"Mambéty, Djibril Diop",1973,Senegal,85,Drama,Col
306,"Kid, The","Chaplin, Charles",1921,USA,60,Drama-Comedy-Family,BW
307,Red Desert,"Antonioni, Michelangelo",1964,Italy-France,118,Drama,Col
308,Terra em Transe,"Rocha, Glauber",1967,Brazil,106,Drama-Political,BW
309,"Last Picture Show, The","Bogdanovich, Peter",1971,USA,118,Drama,BW
310,Dawn of the Dead,"Romero, George A.",1978,USA,126,Horror-Action,Col
311,Eyes Without a Face,"Franju, Georges",1960,France-Italy,88,Horror-Drama-Thriller,BW
312,"Green Ray, The","Rohmer, Eric",1986,France,99,Romance-Drama,Col
313,All About My Mother,"Almodóvar, Pedro",1999,Spain-France,101,Drama-Comedy,Col
314,Week-End,"Godard, Jean-Luc",1967,France-Italy,103,Drama,Col
315,Snow White and the Seven Dwarfs,"Hand, David",1937,USA,83,Animated-Family-Fantasy,Col
316,Stranger Than Paradise,"Jarmusch, Jim",1984,USA,90,Comedy,BW
317,Make Way for Tomorrow,"McCarey, Leo",1937,USA,92,Drama,BW
318,Harold and Maude,"Ashby, Hal",1971,USA,91,Comedy-Drama-Romance,Col
319,"World of Apu, The","Ray, Satyajit",1959,India,103,Drama,BW
320,West Side Story,"Wise, Robert/Jerome Robbins",1961,USA,151,Romance-Musical-Dance,Col
321,Kiss Me Deadly,"Aldrich, Robert",1955,USA,106,Crime-Thriller-Drama,BW
322,"Turin Horse, The","Tarr, Béla",2011,Hungary-France-Germany-Switzerland-USA,146,Drama,BW
323,Tie Xi Qu: West of the Tracks,Wang Bing,2003,China,551,Documentary,Col
324,"Sacrifice, The","Tarkovsky, Andrei",1986,France-Sweden,145,Drama,Col
325,Heat,"Mann, Michael",1995,USA,174,Thriller-Drama-Crime,Col
326,"Silence of the Lambs, The","Demme, Jonathan",1991,USA,118,Thriller-Mystery,Col
327,Berlin Alexanderplatz [TV],"Fassbinder, Rainer Werner",1980,West Germany-Italy,894,Drama-History-Political,Col
328,"Philadelphia Story, The","Cukor, George",1940,USA,112,Romance-Comedy,BW
329,It Happened One Night,"Capra, Frank",1934,USA,105,Romance-Comedy,BW
330,Bride of Frankenstein,"Whale, James",1935,USA,75,Horror-Science Fiction,BW
331,In the Realm of the Senses,"Oshima, Nagisa",1976,Japan-France,109,Drama-Adult-Romance,Col
332,Happy Together,Wong Kar-wai,1997,Hong Kong,97,Romance-Drama,Col
333,"Puppetmaster, The",Hou Hsiao-hsien,1993,Taiwan,141,Drama-Biography,Col
334,"Quince Tree Sun, The","Erice, Victor",1992,Spain,133,Documentary-Biography-Drama,Col
335,Melancholia,"von Trier, Lars",2011,Denmark-Sweden-France-Germany,136,Drama-Science Fiction,Col
336,Midnight Cowboy,"Schlesinger, John",1969,USA,113,Drama,Col
337,Reservoir Dogs,"Tarantino, Quentin",1992,USA,99,Drama-Crime-Thriller,Col
338,"Innocents, The","Clayton, Jack",1961,UK,100,Horror-Thriller,BW
339,"Killing of a Chinese Bookie, The","Cassavetes, John",1976,USA,109,Drama-Crime,Col
340,"Separation, A","Farhadi, Asghar",2011,Iran,123,Drama,Col
341,Days of Being Wild,Wong Kar-wai,1990,Hong Kong,94,Drama,Col
342,Cabaret,"Fosse, Bob",1972,USA,128,Musical-Drama-Dance,Col
343,"Time to Live and the Time to Die, The",Hou Hsiao-hsien,1985,Taiwan,137,Drama,Col
344,"House is Black, The","Farrokhzad, Forugh",1963,Iran,20,Documentary-Short,BW
345,"Canterbury Tale, A","Powell, Michael/Emeric Pressburger",1944,UK,124,Drama,BW
346,"Touch of Zen, A","Hu, King",1971,Taiwan,200,Adventure-Action-Drama,Col
347,Aliens,"Cameron, James",1986,USA,137,Science Fiction-Horror-Action,Col
348,Dogville,"von Trier, Lars",2003,Denmark-Sweden-France-UK-Germany-Finland-Italy-Netherlands-Norway,177,Drama,Col
349,Orpheus,"Cocteau, Jean",1950,France,95,Romance-Fantasy-Drama,BW
350,Army of Shadows,"Melville, Jean-Pierre",1969,France-Italy,140,War-Drama,Col
351,Mad Max: Fury Road,"Miller, George",2015,Australia-USA,120,Action-Adventure-Science Fiction,Col
352,Teorema,"Pasolini, Pier Paolo",1968,Italy,98,Drama,Col
353,Amadeus,"Forman, Milos",1984,USA,158,Musical-Biography-Drama,Col
354,Carrie,"De Palma, Brian",1976,USA,97,Horror-Thriller,Col
355,"Plaisir, Le","Ophüls, Max",1952,France,97,Romance-Drama,BW
356,To Kill a Mockingbird,"Mulligan, Robert",1962,USA,129,Drama,BW
357,Suspiria,"Argento, Dario",1977,Italy,92,Horror,Col
358,"I Was Born, But...","Ozu, Yasujiro",1932,Japan,100,Drama-Comedy,BW
359,"Tenant, The","Polanski, Roman",1976,France-USA,125,Horror-Thriller-Mystery,Col
360,Brokeback Mountain,"Lee, Ang",2005,USA-Canada,134,Romance-Drama,Col
361,I Am Cuba,"Kalatozov, Mikhail",1964,USSR-Cuba,141,Political-Drama,BW
362,How Green Was My Valley,"Ford, John",1941,USA,118,Drama,BW
363,Toni Erdmann,"Ade, Maren",2016,Germany-Austria-Switzerland-Romania,162,Comedy-Drama,Col
364,"Elephant Man, The","Lynch, David",1980,USA,125,Drama-Biography,BW
365,Lola Montès,"Ophüls, Max",1955,France-West Germany,116,Drama-Biography-Romance,Col
366,WALL-E,"Stanton, Andrew",2008,USA,98,Animated-Adventure-Science Fiction,Col
367,Lost in Translation,"Coppola, Sofia",2003,USA-Japan,102,Romance-Drama-Comedy,Col
368,High Noon,"Zinnemann, Fred",1952,USA,84,Western,BW
369,Listen to Britain,"Jennings, Humphrey",1942,UK,20,Documentary-Short-War,BW
370,Werckmeister Harmonies,"Tarr, Béla",2000,Hungary-Germany-France-Switzerland-Italy,145,Drama,BW
371,Last Tango in Paris,"Bertolucci, Bernardo",1972,France-Italy,136,Romance-Drama-Adult,Col
372,"Young Girls of Rochefort, The","Demy, Jacques",1967,France,124,Musical-Dance-Comedy,Col
373,"Gleaners & I, The","Varda, Agnès",2000,France,82,Documentary,Col
374,Talk to Her,"Almodóvar, Pedro",2002,Spain,112,Romance-Drama,Col
375,Marnie,"Hitchcock, Alfred",1964,USA,130,Crime-Drama-Mystery,Col
376,Platform,Jia Zhangke,2000,China-Hong Kong-Japan-France,154,Drama-History,Col
377,Salvatore Giuliano,"Rosi, Francesco",1962,Italy,125,History-Drama-Crime,BW
378,All That Heaven Allows,"Sirk, Douglas",1955,USA,89,Romance-Drama,Col
379,Lost Highway,"Lynch, David",1997,USA-France,134,Mystery-Drama-Thriller,Col
380,Stromboli,"Rossellini, Roberto",1950,Italy,107,Drama,BW
381,Written on the Wind,"Sirk, Douglas",1956,USA,99,Drama,Col
382,Taste of Cherry,"Kiarostami, Abbas",1997,Iran,99,Drama,Col
383,Woman in the Dunes,"Teshigahara, Hiroshi",1964,Japan,127,Drama,BW
384,Yellow Earth,Chen Kaige,1984,China,89,Drama-Political,Col
385,Land Without Bread,"Buñuel, Luis",1932,Spain,28,Documentary-Short-Drama,BW
386,Muriel,"Resnais, Alain",1963,France-Italy,115,Drama,Col
387,Through the Olive Trees,"Kiarostami, Abbas",1994,Iran-France,103,Drama,Col
388,"Palm Beach Story, The","Sturges, Preston",1942,USA,90,Romance-Comedy,BW
389,1900,"Bertolucci, Bernardo",1976,Italy-France-West Germany,245,Political-Drama-History,Col
390,Russian Ark,"Sokurov, Aleksandr",2002,Russia-Germany-Japan-Canada-Finland-Denmark,96,Fantasy-Drama,Col
391,"Crouching Tiger, Hidden Dragon","Lee, Ang",2000,Taiwan-Hong Kong-USA-China,120,Drama-Adventure-Action,Col
392,High and Low,"Kurosawa, Akira",1963,Japan,142,Thriller-Crime-Drama,BW
393,Accattone,"Pasolini, Pier Paolo",1961,Italy,120,Drama,BW
394,"King of Comedy, The","Scorsese, Martin",1983,USA,109,Drama-Comedy,Col
395,If….,"Anderson, Lindsay",1968,UK,111,Drama,Col-BW
396,Man of Aran,"Flaherty, Robert",1934,UK,77,Documentary,BW
397,"White Ribbon, The","Haneke, Michael",2009,Germany-Austria-France-Italy,144,Crime-Drama-Mystery,BW
398,Barren Lives,"Pereira dos Santos, Nelson",1963,Brazil,103,Drama,BW
399,Under the Skin,"Glazer, Jonathan",2013,UK-USA-Switzerland,108,Drama-Science Fiction-Thriller,Col
400,Tristana,"Buñuel, Luis",1970,Spain-Italy-France,98,Drama,Col
401,"Voyage dans la lune, Le","Méliès, Georges",1902,France,14,Science Fiction-Short-Adventure,BW
402,I Know Where I'm Going!,"Powell, Michael/Emeric Pressburger",1945,UK,91,Romance-Comedy-Drama,BW
403,"Double Life of Veronique, The","Kieslowski, Krzysztof",1991,France,97,Fantasy-Drama-Romance,Col
404,Mon oncle,"Tati, Jacques",1958,France,126,Comedy,Col
405,El,"Buñuel, Luis",1953,Mexico,91,Drama,BW
406,Network,"Lumet, Sidney",1976,USA,121,Drama,Col
407,Nostalghia,"Tarkovsky, Andrei",1983,Italy,120,Drama,Col
408,"Crime of Monsieur Lange, The","Renoir, Jean",1936,France,90,Drama-Crime-Comedy,BW
409,Elephant,"Van Sant, Gus",2003,USA,81,Drama,Col
410,"Awful Truth, The","McCarey, Leo",1937,USA,92,Romance-Comedy,BW
411,À nos amours,"Pialat, Maurice",1983,France,102,Drama,Col
412,"Long Goodbye, The","Altman, Robert",1973,USA,112,Drama-Crime,Col
413,"Bridge on the River Kwai, The","Lean, David",1957,UK,161,War-Drama-Action,Col
414,Don't Look Back,"Pennebaker, D.A.",1967,USA,96,Documentary-Musical,BW
415,October,"Eisenstein, Sergei & Grigori Aleksandrov",1928,USSR,103,History-Drama,BW
416,Halloween,"Carpenter, John",1978,USA,93,Horror-Thriller,Col
417,Heaven's Gate,"Cimino, Michael",1980,USA,219,Western-Drama-History,Col
418,Butch Cassidy and the Sundance Kid,"Hill, George Roy",1969,USA,112,Western,Col
419,Dead Man,"Jarmusch, Jim",1995,USA-Germany,121,Western-Drama,BW
420,"Affair to Remember, An","McCarey, Leo",1957,USA,115,Romance-Drama,Col
421,Yojimbo,"Kurosawa, Akira",1961,Japan,110,Drama-Action,BW
422,Some Came Running,"Minnelli, Vincente",1958,USA,136,Drama,Col
423,Boogie Nights,"Anderson, Paul Thomas",1997,USA,155,Drama,Col
424,"Hustler, The","Rossen, Robert",1961,USA,135,Drama-Sport,BW
425,Fitzcarraldo,"Herzog, Werner",1982,West Germany,157,Drama-Adventure,Col
426,"Death of Mr. Lazarescu, The","Puiu, Cristi",2005,Romania,154,Drama,Col
427,Fight Club,"Fincher, David",1999,USA-Germany,139,Drama,Col
428,Ivan's Childhood,"Tarkovsky, Andrei",1962,USSR,94,War-Drama,BW
429,Shoot the Piano Player,"Truffaut, François",1960,France,92,Drama-Crime-Thriller,BW
430,Five Easy Pieces,"Rafelson, Bob",1970,USA,98,Drama,Col
431,Shadows of Our Forgotten Ancestors,"Parajanov, Sergei",1964,USSR,97,Romance-Drama-History,Col
432,Landscape in the Mist,"Angelopoulos, Theo",1988,Greece-Italy-France,127,Drama,Col
433,No Country for Old Men,"Coen, Joel & Ethan Coen",2007,USA,122,Crime-Drama,Col
434,Punch-Drunk Love,"Anderson, Paul Thomas",2002,USA,95,Romance-Drama-Comedy,Col
435,Raise the Red Lantern,Zhang Yimou,1991,China-Hong Kong-Taiwan,125,Drama,Col
436,Festen,"Vinterberg, Thomas",1998,Denmark,105,Drama,Col
437,"Tree of Wooden Clogs, The","Olmi, Ermanno",1978,Italy,185,Drama,Col
438,Vagabond,"Varda, Agnès",1985,France,105,Drama,Col
439,"Star is Born, A","Cukor, George",1954,USA,154,Musical-Drama,Col
440,Monty Python's Life of Brian,"Jones, Terry",1979,UK,93,Religious-Comedy,Col
441,Repulsion,"Polanski, Roman",1965,UK,105,Horror-Thriller,BW
442,"Cranes Are Flying, The","Kalatozov, Mikhail",1957,USSR,94,War-Romance-Drama,BW
443,Dead Ringers,"Cronenberg, David",1988,Canada,115,Thriller-Horror-Drama,Col
444,Hoop Dreams,"James, Steve",1994,USA,170,Documentary-Drama-Sport,Col
445,Dersu Uzala,"Kurosawa, Akira",1975,USSR-Japan,144,Drama-Adventure,Col
446,"Terminator, The","Cameron, James",1984,USA,107,Science Fiction-Action,Col
447,Safe,"Haynes, Todd",1995,USA,119,Drama,Col
448,Withnail & I,"Robinson, Bruce",1987,UK,107,Drama-Comedy,Col
449,Day for Night,"Truffaut, François",1973,France,120,Drama-Comedy,Col
450,Two-Lane Blacktop,"Hellman, Monte",1971,USA,101,Drama,Col
451,In a Year with 13 Moons,"Fassbinder, Rainer Werner",1978,West Germany,129,Drama,Col
452,"Dead, The","Huston, John",1987,USA,83,Drama,Col
453,Naked,"Leigh, Mike",1993,UK,126,Drama,Col
454,Flowers of Shanghai,Hou Hsiao-hsien,1998,Taiwan,130,Drama,Col
455,Oldboy,Park Chan-wook,2003,South Korea,120,Action-Mystery-Thriller,Col
456,Fantasia,Various Directors,1940,USA,120,Fantasy-Family-Animated,Col
457,Scenes from a Marriage,"Bergman, Ingmar",1973,Sweden,168,Drama,Col
458,Amour,"Haneke, Michael",2012,Austria-France-Germany,127,Romance-Drama,Col
459,Pinocchio,"Sharpsteen, Ben & Hamilton Luske",1940,USA,88,Fantasy-Family-Animated,Col
460,"Scarlet Empress, The","von Sternberg, Josef",1934,USA,110,History-Drama-Biography,BW
461,Boyhood,"Linklater, Richard",2014,USA,165,Drama,Col
462,"Sorrow and the Pity, The","Ophüls, Marcel",1969,France-Switzerland-Germany,260,Documentary-War-History,BW
463,Opening Night,"Cassavetes, John",1977,USA,144,Drama,Col
464,Splendor in the Grass,"Kazan, Elia",1961,USA,124,Drama,Col
465,"Flowers of St. Francis, The","Rossellini, Roberto",1950,Italy,83,Religious-Drama,BW
466,Charulata,"Ray, Satyajit",1964,India,117,Romance-Drama,BW
467,Senso,"Visconti, Luchino",1954,Italy,115,War-Drama-Romance,Col
468,"Cloud-Capped Star, The","Ghatak, Ritwik",1960,India,126,Drama-Musical,BW
469,French Cancan,"Renoir, Jean",1955,France,93,Musical-Drama-Comedy,Col
470,Easy Rider,"Hopper, Dennis",1969,USA,94,Drama,Col
471,Closely Watched Trains,"Menzel, Jirí",1966,Czechoslovakia,89,Drama-Comedy,BW
472,"Cameraman, The","Keaton, Buster/Edward Sedgwick",1928,USA,69,Romance-Comedy,BW
473,"Shawshank Redemption, The","Darabont, Frank",1994,USA,142,Prison-Drama,Col
474,All That Jazz,"Fosse, Bob",1979,USA,123,Musical-Fantasy-Drama,Col
475,Shadows,"Cassavetes, John",1959,USA,87,Drama,BW
476,Pyaasa,"Dutt, Guru",1957,India,146,Drama-Musical-Romance,BW
477,"Moment of Innocence, A","Makhmalbaf, Mohsen",1996,Iran-France,78,Drama-Comedy,Col
478,"Out 1, noli me tangere","Rivette, Jacques",1971,France,729,Comedy-Drama-Thriller,Col-BW
479,Limite,"Peixoto, Mario",1931,Brazil,114,Drama,BW
480,Chelsea Girls,"Warhol, Andy",1966,USA,210,Drama-Avant-Garde,Col-BW
481,"Hour of the Furnaces, The","Getino, Octavio & Fernando E. Solanas",1968,Argentina,260,Political-Documentary-History,BW
482,Lola,"Demy, Jacques",1961,France,90,Romance-Drama,BW
483,Hour of the Wolf,"Bergman, Ingmar",1968,Sweden,88,Horror-Drama,BW
484,Cat People,"Tourneur, Jacques",1942,USA,73,Thriller-Horror-Mystery,BW
485,"Master, The","Anderson, Paul Thomas",2012,USA,144,Drama,Col
486,A.I. Artificial Intelligence,"Spielberg, Steven",2001,USA,145,Science Fiction-Drama,Col
487,All the President's Men,"Pakula, Alan J.",1976,USA,138,Political-Drama,Col
488,"Act of Killing, The","Oppenheimer, Joshua",2012,Denmark-Norway-UK-Finland,115,Documentary-Crime-History,Col
489,Frankenstein,"Whale, James",1931,USA,70,Horror-Science Fiction,BW
490,Miracle in Milan,"De Sica, Vittorio",1951,Italy,95,Fantasy-Drama-Comedy,BW
491,Grizzly Man,"Herzog, Werner",2005,USA,103,Documentary,Col
492,Forrest Gump,"Zemeckis, Robert",1994,USA,142,Drama-Comedy,Col
493,"Wind, The","Sjöström, Victor",1928,USA,88,Drama,BW
494,Strangers on a Train,"Hitchcock, Alfred",1951,USA,101,Thriller-Drama-Crime,BW
495,India Song,"Duras, Marguerite",1975,France,120,Drama,Col
496,Grey Gardens,"Maysles, David/Albert Maysles/Ellen Hovde/Muffie Meyer",1975,USA,95,Documentary-Comedy,Col
497,Barton Fink,"Coen, Joel & Ethan Coen",1991,USA,117,Drama-Comedy,Col
498,Shane,"Stevens, George",1953,USA,118,Western-Drama,Col
499,"Lady from Shanghai, The","Welles, Orson",1948,USA,87,Mystery-Crime-Thriller,BW
500,Laura,"Preminger, Otto",1944,USA,85,Mystery-Romance-Thriller,BW
501,Se7en,"Fincher, David",1995,USA,127,Thriller-Mystery-Drama,Col
502,"Lives of Others, The","von Donnersmarck, Florian Henckel",2006,Germany,138,Drama,Col
503,Ninotchka,"Lubitsch, Ernst",1939,USA,110,Romance-Comedy,BW
504,Chronicle of a Summer,"Rouch, Jean & Edgar Morin",1961,France,85,Documentary,BW
505,Die Hard,"McTiernan, John",1988,USA,131,Thriller-Action,Col
506,Mad Max 2,"Miller, George",1981,Australia,94,Science Fiction-Action-Adventure,Col
507,Triumph of the Will,"Riefenstahl, Leni",1935,Germany,110,Documentary-History-Political,BW
508,Winter Light,"Bergman, Ingmar",1962,Sweden,80,Religious-Drama,BW
509,Pan's Labyrinth,"del Toro, Guillermo",2006,Spain-Mexico-USA,120,Drama-Fantasy-Thriller,Col
510,To Have and Have Not,"Hawks, Howard",1944,USA,100,Romance-Drama-Adventure,BW
511,Tootsie,"Pollack, Sydney",1982,USA,116,Romance-Comedy,Col
512,Short Cuts,"Altman, Robert",1993,USA,189,Drama,Col
513,My Friend Ivan Lapshin,"German, Aleksey",1985,USSR,100,Drama,Col-BW
514,Toy Story,"Lasseter, John",1995,USA,80,Fantasy-Comedy-Family-Animated,Col
515,"Sound of Music, The","Wise, Robert",1965,USA,174,Musical-Drama-Family,Col
516,"Wind Will Carry Us, The","Kiarostami, Abbas",1999,France-Iran,118,Drama,Col
517,Koyaanisqatsi,"Reggio, Godfrey",1982,USA,87,Documentary,Col
518,"Farewell, My Concubine",Chen Kaige,1993,China-Hong Kong,155,History-Drama-Romance,Col
519,12 Angry Men,"Lumet, Sidney",1957,USA,95,Drama,BW
520,"Vampires, Les","Feuillade, Louis",1915,France,440,Thriller-Crime-Action,BW
521,Shadow of a Doubt,"Hitchcock, Alfred",1943,USA,108,Thriller,BW
522,Point Blank,"Boorman, John",1967,USA,92,Thriller-Crime-Action,Col
523,Alphaville,"Godard, Jean-Luc",1965,France,95,Science Fiction-Mystery-Drama,BW
524,Amélie,"Jeunet, Jean-Pierre",2001,France-Germany,122,Romance-Comedy,Col
525,"Terra trema, La","Visconti, Luchino",1948,Italy,160,Drama,BW
526,Orlando,"Potter, Sally",1992,UK-Russia-France-Italy-Netherlands,94,History-Drama-Fantasy,Col
527,Hannah and Her Sisters,"Allen, Woody",1986,USA,106,Drama-Comedy-Romance,Col
528,"Night at the Opera, A","Wood, Sam",1935,USA,92,Romance-Musical-Comedy,BW
529,Songs from the Second Floor,"Andersson, Roy",2000,Sweden-France-Denmark-Norway-Germany,98,Drama,Col
530,Colossal Youth,"Costa, Pedro",2006,France-Portugal-Switzerland,155,Drama,Col
531,Inland Empire,"Lynch, David",2006,USA-France-Poland,180,Drama-Mystery-Thriller,Col
532,Alexander Nevsky,"Eisenstein, Sergei",1938,USSR,107,War-History-Biography,BW
533,"Damned, The","Visconti, Luchino",1969,Italy-West Germany,155,War-Drama,Col
534,Faust,"Murnau, F.W.",1926,Germany,116,Fantasy-Drama-Horror,BW
535,"Social Network, The","Fincher, David",2010,USA,120,Biography-Drama-History,Col
536,"Royal Tenenbaums, The","Anderson, Wes",2001,USA,109,Drama-Comedy,Col
537,Masculin Feminin,"Godard, Jean-Luc",1966,France-Sweden,103,Drama,BW
538,Once Upon a Time in Anatolia,"Ceylan, Nuri Bilge",2011,Turkey-Bosnia and Herzergovina,150,Crime-Drama,Col
539,"Steamboat Bill, Jr.","Keaton, Buster/Charles Reisner",1928,USA,71,Romance-Comedy-Adventure,BW
540,"French Connection, The","Friedkin, William",1971,USA,104,Crime,Col
541,Terminator 2: Judgment Day,"Cameron, James",1991,USA,136,Science Fiction-Action,Col
542,Pat Garrett and Billy the Kid,"Peckinpah, Sam",1973,USA,122,Western,Col
543,Casino,"Scorsese, Martin",1995,USA,182,Drama-Crime,Col
544,Kagemusha,"Kurosawa, Akira",1980,Japan,159,War-Drama-History,Col
545,Still Life,Jia Zhangke,2006,China-Hong Kong,113,Drama-Romance,Col
546,Gimme Shelter,"Maysles, Albert/David Maysles/Charlotte Zwerin",1970,USA,91,Documentary-Musical-History,Col
547,East of Eden,"Kazan, Elia",1955,USA,115,Drama,Col
548,Zodiac,"Fincher, David",2007,USA,158,Crime-Drama-Thriller,Col
549,Trainspotting,"Boyle, Danny",1996,UK,95,Drama-Comedy,Col
550,Silent Light,"Reygadas, Carlos",2007,Mexico-France-Netherlands,136,Drama,Col
551,"Amants du Pont-Neuf, Les","Carax, Leos",1991,France,126,Drama,Col
552,Doctor Zhivago,"Lean, David",1965,USA,197,War-Romance-Drama,Col
553,"4 Months, 3 Weeks and 2 Days","Mungiu, Cristian",2007,Romania-Netherlands-France-Germany,113,Drama,Col
554,"Enigma of Kaspar Hauser, The","Herzog, Werner",1974,West Germany,110,Biography-Drama,Col
555,"Devil, Probably, The","Bresson, Robert",1977,France,95,Drama,Col
556,Children of Men,"Cuarón, Alfonso",2006,USA-UK,109,Drama-Science Fiction-Thriller,Col
557,Evil Dead II,"Raimi, Sam",1987,USA,85,Horror,Col
558,Limelight,"Chaplin, Charles",1952,USA,145,Drama-Comedy,BW
559,Fellini Satyricon,"Fellini, Federico",1969,Italy,129,History-Drama,Col
560,Early Summer,"Ozu, Yasujiro",1951,Japan,135,Drama,BW
561,In Vanda's Room,"Costa, Pedro",2000,Portugal-Germany-Switzerland-Italy,170,Drama,Col
562,Top Hat,"Sandrich, Mark",1935,USA,99,Romance-Musical-Comedy,BW
563,"Big Heat, The","Lang, Fritz",1953,USA,90,Drama-Crime,BW
564,My Own Private Idaho,"Van Sant, Gus",1991,USA,102,Drama,Col
565,"Servant, The","Losey, Joseph",1963,UK,115,Drama,BW
566,Rosetta,"Dardenne, Jean-Pierre & Luc Dardenne",1999,Belgium-France,94,Drama,Col
567,"Bitter Tears of Petra von Kant, The","Fassbinder, Rainer Werner",1972,West Germany,124,Drama,Col
568,Full Metal Jacket,"Kubrick, Stanley",1987,USA,116,War-Drama-Action,Col
569,Hatari!,"Hawks, Howard",1962,USA,159,Drama,Col
570,Providence,"Resnais, Alain",1977,France-Switzerland,110,Drama,Col
571,Secrets & Lies,"Leigh, Mike",1996,UK,142,Drama-Comedy,Col
572,Deliverance,"Boorman, John",1972,USA,109,Adventure-Thriller-Drama,Col
573,Hana-Bi,"Kitano, Takeshi",1997,Japan,103,Drama-Crime,Col
574,"Vitelloni, I","Fellini, Federico",1953,Italy,104,Drama,BW
575,"Région centrale, La","Snow, Michael",1971,Canada,180,Avant-Garde,Col
576,"39 Steps, The","Hitchcock, Alfred",1935,UK,87,Spy-Thriller,BW
577,"Rise to Power of Louis XIV, The","Rossellini, Roberto",1966,France,100,Drama-Biography-History,Col
578,Scarface,"Hawks, Howard",1932,USA,90,Crime-Biography-Drama,BW
579,Alice in the Cities,"Wenders, Wim",1974,West Germany,110,Drama,BW
580,"Red Circle, The","Melville, Jean-Pierre",1970,France-Italy,150,Thriller-Crime,Col
581,Boudu Saved from Drowning,"Renoir, Jean",1932,France,87,Comedy,BW
582,Marketa Lazarová,"Vlácil, Frantisek",1967,Czechoslovakia,162,History-Drama,BW
583,Young Frankenstein,"Brooks, Mel",1974,USA,105,Horror-Comedy-Science Fiction,BW
584,"Lady Vanishes, The","Hitchcock, Alfred",1938,UK,97,Spy-Mystery-Thriller,BW
585,"Phantom of Liberty, The","Buñuel, Luis",1974,France,104,Drama-Comedy-Avant Garde,Col
586,"Age of Innocence, The","Scorsese, Martin",1993,USA,133,Romance-Drama,Col
587,Rebel Without a Cause,"Ray, Nicholas",1955,USA,111,Drama,Col
588,"Belle noiseuse, La","Rivette, Jacques",1991,France,240,Drama,Col
589,Tale of Tales,"Norshteyn, Yuriy",1979,USSR,29,Animated-Short,Col
590,Being There,"Ashby, Hal",1979,USA,130,Drama-Comedy,Col
591,Rushmore,"Anderson, Wes",1998,USA,93,Comedy,Col
592,"Fly, The","Cronenberg, David",1986,USA,100,Horror,Col
593,Distant,"Ceylan, Nuri Bilge",2002,Turkey-Netherlands,110,Drama,Col
594,And Life Goes On...,"Kiarostami, Abbas",1992,Iran,108,Drama-Documentary,Col
595,Shock Corridor,"Fuller, Samuel",1963,USA,101,Drama-Mystery,BW
596,Salesman,"Maysles, Albert/David Maysles/Charlotte Zwerin",1969,USA,85,Documentary,BW
597,"Ascent, The","Shepitko, Larisa",1976,USSR,111,War-Drama,BW
598,Wagon Master,"Ford, John",1950,USA,86,Western,BW
599,Raising Arizona,"Coen, Joel & Ethan Coen",1987,USA,92,Comedy,Col
600,"Harlan County, U.S.A.","Kopple, Barbara",1976,USA,103,Documentary,Col
601,That Obscure Object of Desire,"Buñuel, Luis",1977,France-Spain,103,Drama,Col
602,Possession,"Zulawski, Andrzej",1981,France-West Germany,127,Horror-Drama,Col
603,"Killing, The","Kubrick, Stanley",1956,USA,85,Crime-Thriller,BW
604,Bigger Than Life,"Ray, Nicholas",1956,USA,95,Drama,Col
605,"Testament of Dr. Mabuse, The","Lang, Fritz",1933,Germany,120,Thriller-Mystery-Crime,BW
606,"Dark Knight, The","Nolan, Christopher",2008,USA-UK,152,Action-Crime-Thriller,Col
607,"Son, The","Dardenne, Jean-Pierre & Luc Dardenne",2002,Belgium-France,103,Drama,Col
608,Syndromes and a Century,"Weerasethakul, Apichatpong",2006,Thailand-France-Austria-Netherlands,105,Drama,Col
609,Rocky,"Avildsen, John G.",1976,USA,119,Sport-Drama,Col
610,Down by Law,"Jarmusch, Jim",1986,USA,107,Comedy,BW
611,Bande à part,"Godard, Jean-Luc",1964,France,97,Crime-Drama-Romance,BW
612,"Devils, The","Russell, Ken",1971,UK,109,History-Drama-Horror,Col
613,Y tu mamá también,"Cuarón, Alfonso",2001,Mexico,105,Drama-Comedy,Col
614,"Hard Day's Night, A","Lester, Richard",1964,UK,87,Musical-Comedy,BW
615,"Ciénaga, La","Martel, Lucrecia",2001,Argentina-France-Spain,103,Drama-Comedy,Col
616,Aparajito,"Ray, Satyajit",1956,India,108,Drama,BW
617,Fellini's Roma,"Fellini, Federico",1972,Italy,128,Drama-Comedy,Col
618,Before Sunset,"Linklater, Richard",2004,USA,80,Romance-Drama,Col
619,After Life,"Koreeda, Hirokazu",1998,Japan,118,Drama-Fantasy,Col
620,"Manchurian Candidate, The","Frankenheimer, John",1962,USA,126,Political-Thriller-Drama,BW
621,"Party, The","Edwards, Blake",1968,USA,99,Comedy,Col
622,"Angel at My Table, An","Campion, Jane",1990,New Zealand-Australia-UK-USA,158,Drama-Biography,Col
623,Detour,"Ulmer, Edgar G.",1945,USA,69,Crime,BW
624,"Blue Angel, The","von Sternberg, Josef",1930,Germany,103,Drama,BW
625,Local Hero,"Forsyth, Bill",1983,UK,111,Drama-Comedy,Col
626,Let the Right One In,"Alfredson, Tomas",2008,Sweden-Norway,114,Drama-Horror-Romance,Col
627,"Asphalt Jungle, The","Huston, John",1950,USA,112,Thriller-Crime,BW
628,Picnic at Hanging Rock,"Weir, Peter",1975,Australia,110,Mystery-Drama,Col
629,Fat City,"Huston, John",1972,USA,100,Sport,Col
630,White Heat,"Walsh, Raoul",1949,USA,114,Crime,BW
631,Memento,"Nolan, Christopher",2000,USA,113,Thriller-Mystery-Drama,Col
632,Invasion of the Body Snatchers,"Siegel, Don",1956,USA,80,Science Fiction-Horror,BW
633,Seven Chances,"Keaton, Buster",1925,USA,56,Romance-Comedy,BW
634,I Walked with a Zombie,"Tourneur, Jacques",1943,USA,69,Horror-Drama-Romance,BW
635,Nostalgia for the Light,"Guzmán, Patricio",2010,France-Germany-Chile-Spain-USA,90,Documentary-Drama,Col
636,Scorpio Rising,"Anger, Kenneth",1963,USA,28,Short-Avant-Garde-Music,Col
637,Loves of a Blonde,"Forman, Milos",1965,Czechoslovakia,88,Drama-Comedy,BW
638,"Round-Up, The","Jancsó, Miklós",1966,Hungary,90,History-Drama-War,BW
639,"Dr. Mabuse, The Gambler","Lang, Fritz",1922,Germany,270,Thriller-Mystery-Crime,BW
640,Twenty Years Later,"Coutinho, Eduardo",1984,Brazil,119,Documentary,Col-BW
641,Titanic,"Cameron, James",1997,USA,194,Romance-History-Action-Disaster,Col
642,Strike,"Eisenstein, Sergei",1925,USSR,73,History-Drama-Political,BW
643,"Diaboliques, Les","Clouzot, Henri-Georges",1955,France,114,Thriller-Mystery,BW
644,Love Me Tonight,"Mamoulian, Rouben",1932,USA,96,Musical-Comedy-Romance,BW
645,"Wicker Man, The","Hardy, Robin",1973,UK,103,Mystery-Horror,Col
646,"Wedding March, The","von Stroheim, Erich",1928,USA,113,Romance-Drama,BW
647,Casque d'or,"Becker, Jacques",1952,France,96,Romance-Drama-Crime,BW
648,"Goodbye, Dragon Inn",Tsai Ming-liang,2003,Taiwan,82,Drama-Comedy,Col
649,Scarface,"De Palma, Brian",1983,USA,170,Drama-Crime,Col
650,Plácido,"García Berlanga, Luis",1961,Spain,85,Comedy,BW
651,"Synecdoche, New York","Kaufman, Charlie",2008,USA,124,Drama,Col
652,Bambi,"Hand, David",1942,USA,69,Family-Animated-Drama,Col
653,Bring Me the Head of Alfredo Garcia,"Peckinpah, Sam",1974,USA,112,Crime-Thriller-Action,Col
654,"Silence, The","Bergman, Ingmar",1963,Sweden,96,Drama,BW
655,"Chant d'amour, Un","Genet, Jean",1950,France,26,Drama,BW
656,Monty Python and the Holy Grail,"Gilliam, Terry/Terry Jones",1975,UK,90,History-Comedy,Col
657,Antonio das Mortes,"Rocha, Glauber",1969,Brazil,95,Drama-Western-Political,Col
658,"Sur, El","Erice, Victor",1983,Spain-France,95,Romance-Drama,Col
659,"History of Violence, A","Cronenberg, David",2005,USA-Germany,96,Crime-Drama-Mystery,Col
660,"Haine, La","Kassovitz, Mathieu",1995,France,93,Drama,BW
661,Mr. Smith Goes to Washington,"Capra, Frank",1939,USA,129,Political-Drama,BW
662,Young Mr. Lincoln,"Ford, John",1939,USA,100,Political-Biography-Drama,BW
663,Nazarín,"Buñuel, Luis",1958,Mexico,94,Religious-Drama,BW
664,"Virgin Spring, The","Bergman, Ingmar",1960,Sweden,88,Drama,BW
665,Van Gogh,"Pialat, Maurice",1991,France,158,Drama-Biography,Col
666,Rebecca,"Hitchcock, Alfred",1940,USA,130,Mystery-Romance-Drama,BW
667,Arrebato,"Zulueta, Iván",1979,Spain,105,Drama-Horror,Col
668,Europa '51,"Rossellini, Roberto",1952,Italy,113,Drama,BW
669,Blissfully Yours,"Weerasethakul, Apichatpong",2002,Thailand-France,125,Romance-Drama,Col
670,Our Hospitality,"Keaton, Buster/John G. Blystone",1923,USA,74,Comedy-Family-Romance,BW
671,"Purple Rose of Cairo, The","Allen, Woody",1985,USA,82,Fantasy-Comedy-Romance,Col-BW
672,By the Bluest of Seas,"Barnet, Boris",1936,USSR,71,Drama-Romantic-Comedy,BW
673,"Marriage of Maria Braun, The","Fassbinder, Rainer Werner",1979,West Germany,120,War-Drama,Col
674,Audition,"Miike, Takashi",1999,Japan-South Korea,115,Thriller-Horror-Drama,Col
675,Titicut Follies,"Wiseman, Frederick",1967,USA,84,Documentary-Drama,BW
676,"Streetcar Named Desire, A","Kazan, Elia",1951,USA,122,Drama,BW
677,Great Expectations,"Lean, David",1946,UK,118,Romance-Drama,BW
678,Gummo,"Korine, Harmony",1997,USA,88,Drama,Col
679,"New World, The","Malick, Terrence",2005,USA,135,Drama-History-Romance,Col
680,Airplane!,"Abrahams, Jim/David Zucker/Jerry Zucker",1980,USA,86,Comedy,Col
681,"Golden Coach, The","Renoir, Jean",1952,Italy-France,100,Drama-Comedy-Romance,Col
682,Funny Games,"Haneke, Michael",1997,Austria,108,Thriller-Drama,Col
683,"Headless Woman, The","Martel, Lucrecia",2008,Argentina-Spain-France-Italy,87,Drama-Mystery-Thriller,Col
684,Ben-Hur,"Wyler, William",1959,USA,212,Religious-History,Col
685,Robocop,"Verhoeven, Paul",1987,USA,103,Science Fiction-Crime,Col
686,Saving Private Ryan,"Spielberg, Steven",1998,USA,169,War-Drama-Action,Col
687,Lolita,"Kubrick, Stanley",1962,UK,152,Drama,BW
688,Mother and Son,"Sokurov, Aleksandr",1997,Russia-Germany,73,Drama,Col
689,Big Deal on Madonna Street,"Monicelli, Mario",1958,Italy,91,Crime-Comedy,BW
690,Breakfast at Tiffany's,"Edwards, Blake",1961,USA,115,Romance-Drama-Comedy,Col
691,Nouvelle vague,"Godard, Jean-Luc",1990,France-Switzerland,90,Drama,Col
692,Memories of Murder,Bong Joon-ho,2003,South Korea,132,Crime-Drama-Mystery,Col
693,"Great Escape, The","Sturges, John",1963,USA,168,War-Prison-Adventure,Col
694,Lancelot du Lac,"Bresson, Robert",1974,France-Italy,84,Fantasy-Drama,Col
695,Dancer in the Dark,"von Trier, Lars",2000,Denmark-France-Sweden-Italy-Germany-Norway-Netherlands-Iceland-Finland-UK-USA,140,Musical-Drama,Col
696,"Piano Teacher, The","Haneke, Michael",2001,Austria-France-Germany,130,Drama,Col
697,Xala,"Sembene, Ousmane",1975,Senegal,123,Comedy,Col
698,Zelig,"Allen, Woody",1983,USA,79,Comedy,Col-BW
699,JFK,"Stone, Oliver",1991,USA,188,History-Drama,Col-BW
700,"Host, The",Bong Joon-ho,2006,South Korea-Japan,119,Action-Comedy-Horror,Col
701,Ghostbusters,"Reitman, Ivan",1984,USA,107,Science Fiction-Comedy,Col
702,"Place in the Sun, A","Stevens, George",1951,USA,122,Romance-Drama,BW
703,Dazed and Confused,"Linklater, Richard",1993,USA,94,Drama,Col
704,Yeelen,"Cissé, Souleymane",1987,Mali-Burkina Faso-France-West Germany-Japan,105,Drama-Fantasy,Col
705,Moonfleet,"Lang, Fritz",1955,USA,89,Adventure-Drama,Col
706,Harakiri,"Kobayashi, Masaki",1962,Japan,133,Drama-Action-History,BW
707,Requiem for a Dream,"Aronofsky, Darren",2000,USA,100,Drama,Col
708,"Wild Child, The","Truffaut, François",1970,France,85,Drama,BW
709,Crash,"Cronenberg, David",1996,Canada,100,Drama,Col
710,Miller's Crossing,"Coen, Joel & Ethan Coen",1990,USA,115,Crime,Col
711,Smiles of a Summer Night,"Bergman, Ingmar",1955,Sweden,108,Romance-Comedy,BW
712,Walkabout,"Roeg, Nicolas",1971,Australia,95,Drama-Adventure,Col
713,"Trial, The","Welles, Orson",1962,France-West Germany-Italy,118,Drama-Fantasy-Thriller,BW
714,They Live by Night,"Ray, Nicholas",1948,USA,95,Drama-Crime,BW
715,Certified Copy,"Kiarostami, Abbas",2010,France-Italy-Belgium-Iran,106,Drama,Col
716,"Woman Next Door, The","Truffaut, François",1981,France,106,Romance-Drama,Col
717,Passion,"Godard, Jean-Luc",1982,France-Switzerland,87,Drama,Col
718,Irréversible,"Noé, Gaspar",2002,France,97,Crime-Drama-Horror,Col
719,Gun Crazy,"Lewis, Joseph H.",1950,USA,86,Drama-Crime,BW
720,Jurassic Park,"Spielberg, Steven",1993,USA,126,Science Fiction-Adventure-Action,Col
721,"Dames du Bois de Boulogne, Les","Bresson, Robert",1945,France,85,Drama-Romance,BW
722,"Ghost and Mrs. Muir, The","Mankiewicz, Joseph L.",1947,USA,104,Romance-Fantasy,BW
723,"Tiger of Eschnapur, The","Lang, Fritz",1958,West Germany-France-Italy,101,Romance-Adventure,Col
724,Night of the Demon,"Tourneur, Jacques",1957,UK,82,Horror,BW
725,Spartacus,"Kubrick, Stanley",1960,USA,184,Adventure-History-Drama,Col
726,L.A. Confidential,"Hanson, Curtis",1997,USA,137,Thriller-Crime,Col
727,W.R.: Mysteries of the Organism,"Makavejev, Dusan",1971,Yugoslavia,84,Drama-Comedy-Fantasy,Col
728,Blow Out,"De Palma, Brian",1981,USA,107,Thriller-Mystery,Col
729,My Life as a Dog,"Hallström, Lasse",1985,Sweden,101,Drama-Comedy,Col
730,"American Werewolf in London, An","Landis, John",1981,USA,97,Horror-Comedy,Col
731,"Circus, The","Chaplin, Charles",1928,USA,72,Drama-Comedy-Family,BW
732,"Emperor's Naked Army Marches On, The","Hara, Kazuo",1987,Japan,122,Documentary-War-Political,Col
733,Dumbo,"Sharpsteen, Ben",1941,USA,64,Musical-Family-Animated,Col
734,"Bandido da Luz Vermelha, O","Sganzerla, Rogério",1968,Brazil,92,Thriller-Crime,BW
735,Avatar,"Cameron, James",2009,USA-UK,161,Action-Science Fiction-Adventure,Col
736,"Bad and the Beautiful, The","Minnelli, Vincente",1952,USA,118,Drama,BW
737,"African Queen, The","Huston, John",1951,USA,105,Romance-Adventure,Col
738,Edward Scissorhands,"Burton, Tim",1990,USA,100,Romance-Fantasy,Col
739,Near Dark,"Bigelow, Kathryn",1987,USA,95,Horror-Drama-Thriller,Col
740,Thelma & Louise,"Scott, Ridley",1991,USA,128,Drama-Comedy-Adventure,Col
741,Rififi,"Dassin, Jules",1955,France,115,Crime,BW
742,"Ladies Man, The","Lewis, Jerry",1961,USA,95,Comedy,Col
743,"Seasons, The","Peleshian, Artavazd",1975,USSR,29,Documentary-Short,BW
744,Code Unknown,"Haneke, Michael",2000,France-Germany-Romania,118,Drama,Col
745,"River, The",Tsai Ming-liang,1997,Taiwan,115,Drama,Col
746,When Harry Met Sally...,"Reiner, Rob",1989,USA,95,Romance-Comedy,Col
747,Foolish Wives,"von Stroheim, Erich",1922,USA,117,Drama,BW
748,"Man Who Would Be King, The","Huston, John",1975,USA,129,Adventure,Col
749,Dirty Harry,"Siegel, Don",1971,USA,102,Crime-Action,Col
750,Grave of the Fireflies,"Takahata, Isao",1988,Japan,93,Animated-War-Drama,Col
751,Ferris Bueller's Day Off,"Hughes, John",1986,USA,103,Comedy,Col
752,Vive L'Amour,Tsai Ming-liang,1994,Taiwan,118,Drama,Col
753,"Prophet, A","Audiard, Jacques",2009,France-Italy,155,Drama-Crime,Col
754,"Killer, The","Woo, John",1989,Hong Kong,110,Thriller-Crime-Action,Col
755,"Lord of the Rings: The Fellowship of the Ring, The","Jackson, Peter",2001,New Zealand-USA,178,Fantasy-Adventure,Col
756,Abraham's Valley,"Oliveira, Manoel de",1993,Portugal-France-Switzerland,187,Drama,Col
757,Outskirts,"Barnet, Boris",1933,USSR,98,War-Drama,BW
758,"Firemen's Ball, The","Forman, Milos",1967,Czechoslovakia,73,Comedy,Col
759,"Hawks and the Sparrows, The","Pasolini, Pier Paolo",1966,Italy,91,Comedy-Drama,BW
760,Edvard Munch [TV],"Watkins, Peter",1974,Sweden-Norway,210,Drama-Biography,Col
761,"Chronicle of Anna Magdalena Bach, The","Straub, Jean-Marie",1968,West Germany-Italy,94,Drama-History-Musical,BW
762,"Short Film About Killing, A","Kieslowski, Krzysztof",1987,Poland,85,Drama-Crime,Col
763,"Navigator, The","Keaton, Buster/Donald Crisp",1924,USA,59,Comedy-Adventure,BW
764,D'Est,"Akerman, Chantal",1993,Belgium-France-Portugal,107,Documentary,Col
765,Fort Apache,"Ford, John",1948,USA,127,Western-War,BW
766,Moulin Rouge!,"Luhrmann, Baz",2001,Australia-USA,126,Drama-Musical-Romance,Col
767,Portrait of Jason,"Clarke, Shirley",1967,USA,105,Documentary-Biography,BW
768,Claire's Knee,"Rohmer, Eric",1970,France,105,Romance-Drama-Comedy,Col
769,All Quiet on the Western Front,"Milestone, Lewis",1930,USA,133,War-Drama,BW
770,Red Sorghum,Zhang Yimou,1987,China,91,Drama,Col
771,Sauve qui peut (la vie),"Godard, Jean-Luc",1980,France-Switzerland,87,Drama,Col
772,"Long Day Closes, The","Davies, Terence",1992,UK,83,Drama,Col
773,Saturday Night and Sunday Morning,"Reisz, Karel",1960,UK,89,Drama-Romance,BW
774,"Tin Drum, The","Schlöndorff, Volker",1979,West Germany-France-Poland-Yugoslavia,142,War-Drama,Col
775,"Thief of Bagdad, The","Powell, Michael/Ludwig Berger/Tim Whelan",1940,UK,106,Fantasy-Family-Adventure,Col
776,"Grido, Il","Antonioni, Michelangelo",1957,Italy,111,Drama,BW
777,Akira,"Otomo, Katsuhiro",1988,Japan,124,Animated-Science Fiction-Action,Col
778,Crumb,"Zwigoff, Terry",1994,USA,119,Documentary-Biography,Col
779,Z,"Costa-Gavras, Constantin",1969,France,127,Political-Thriller-History,Col
780,Sideways,"Payne, Alexander",2004,USA,123,Drama-Comedy,Col
781,"Posto, Il","Olmi, Ermanno",1961,Italy,93,Drama,BW
782,Ace in the Hole,"Wilder, Billy",1951,USA,112,Drama,BW
783,Pickup on South Street,"Fuller, Samuel",1953,USA,80,Spy-Crime,BW
784,Seven Women,"Ford, John",1966,USA,87,History-Drama,Col
785,Hunger,"McQueen, Steve",2008,UK-Ireland,96,Drama-History,Col
786,"Sang des bêtes, Le","Franju, Georges",1949,France,20,Short-Documentary-Drama,BW
787,Wild at Heart,"Lynch, David",1990,USA,127,Romance-Drama-Crime,Col
788,Million Dollar Baby,"Eastwood, Clint",2004,USA,137,Drama,Col
789,We All Loved Each Other So Much,"Scola, Ettore",1974,Italy,124,Comedy,Col
790,Léon,"Besson, Luc",1994,France,119,Thriller-Crime,Col
791,"American in Paris, An","Minnelli, Vincente",1951,USA,115,Musical-Dance,Col
792,Iracema - Uma Transa Amazônica,"Bodanzky, Jorge & Orlando Senna",1975,Brazil-West Germany-France,90,Drama,Col
793,Dodes'ka-den,"Kurosawa, Akira",1970,Japan,140,Fantasy-Drama,Col
794,Othello,"Welles, Orson",1951,Italy-France-Morocco-USA,90,Drama,BW
795,"Last Detail, The","Ashby, Hal",1973,USA,105,Drama,Col
796,News from Home,"Akerman, Chantal",1976,France-Belgium-West Germany,85,Drama,Col
797,"Bonheur, Le","Varda, Agnès",1965,France,79,Drama,Col
798,"Princess Bride, The","Reiner, Rob",1987,USA,98,Comedy-Family-Adventure,Col
799,Ossessione,"Visconti, Luchino",1943,Italy,140,Drama,BW
800,"Red Balloon, The","Lamorisse, Albert",1956,France,34,Fantasy-Family-Short,Col
801,Starship Troopers,"Verhoeven, Paul",1997,USA,129,Science Fiction-Action-Adventure-War,Col
802,Street Angel,Yuan Muzhi,1937,China,91,Drama-Comedy-Musical,BW
803,Ed Wood,"Burton, Tim",1994,USA,124,Drama-Comedy-Biography,BW
804,"Adventures of Robin Hood, The","Curtiz, Michael/William Keighley",1938,USA,102,Adventure,Col
805,Cool Hand Luke,"Rosenberg, Stuart",1967,USA,126,Prison-Drama,Col
806,"New York, New York","Scorsese, Martin",1977,USA,164,Musical,Col
807,"Blues Brothers, The","Landis, John",1980,USA,130,Action-Comedy-Musical,Col
808,"Sweet Hereafter, The","Egoyan, Atom",1997,Canada,112,Drama,Col
809,Paper Moon,"Bogdanovich, Peter",1973,USA,102,Drama-Comedy-Crime,BW
810,Olympia,"Riefenstahl, Leni",1938,Germany,201,Documentary-Sport,BW
811,American Beauty,"Mendes, Sam",1999,USA,121,Drama-Comedy,Col
812,Morocco,"von Sternberg, Josef",1930,USA,92,War-Romance-Drama,BW
813,Lessons of Darkness,"Herzog, Werner",1992,France-UK-Germany,50,Documentary-Science Fiction-War,Col
814,Inglourious Basterds,"Tarantino, Quentin",2009,USA-Germany,153,Action-Drama-War,Col
815,Blood Simple,"Coen, Joel & Ethan Coen",1984,USA,97,Thriller-Drama-Crime,Col
816,Spione,"Lang, Fritz",1928,Germany,90,Thriller-Spy,BW
817,Deep End,"Skolimowski, Jerzy",1970,UK-West Germany,88,Drama-Comedy-Romance,Col
818,"Maîtres fous, Les","Rouch, Jean",1955,France,36,Documentary-Short,Col
819,"Woman of Paris, A","Chaplin, Charles",1923,USA,78,Drama-Romance,BW
820,"Trou, Le","Becker, Jacques",1960,France-Italy,140,Drama-Crime,BW
821,Flaming Creatures,"Smith, Jack",1963,USA,43,Drama,BW
822,Two English Girls,"Truffaut, François",1971,France,108,Drama,Col
823,"Intruder, The","Denis, Claire",2004,France-South Korea,130,Drama,Col
824,Blue,"Jarman, Derek",1993,UK,76,Documentary-Drama,Col
825,"Ladykillers, The","Mackendrick, Alexander",1955,UK,90,Crime-Comedy,Col
826,Assault on Precinct 13,"Carpenter, John",1976,USA,90,Action,Col
827,Kaagaz Ke Phool,"Dutt, Guru",1959,India,148,Romance-Drama,BW
828,Port of Shadows,"Carné, Marcel",1938,France,91,Drama,BW
829,"Holy Mountain, The","Jodorowsky, Alejandro",1973,Mexico-USA,114,Adventure-Drama-Fantasy,Col
830,Vengeance is Mine,"Imamura, Shohei",1979,Japan,129,Thriller-Crime-Drama,Col
831,Mary Poppins,"Stevenson, Robert",1964,USA,139,Musical-Family-Fantasy,Col
832,Excalibur,"Boorman, John",1981,UK,140,Fantasy-Adventure-Action,Col
833,Roman Holiday,"Wyler, William",1953,USA,119,Romance-Comedy-Drama,BW
834,Saturday Night Fever,"Badham, John",1977,USA,119,Drama,Col
835,Amores perros,"González Iñárritu, Alejandro",2000,Mexico,153,Drama,Col
836,Hitler: A Film from Germany,"Syberberg, Hans-Jürgen",1977,West Germany-France-UK,442,Biography-Drama-History,Col
837,Burnt by the Sun,"Mikhalkov, Nikita",1994,Russia-France,152,History-Drama,Col
838,Who's Afraid of Virginia Woolf?,"Nichols, Mike",1966,USA,129,Drama,BW
839,"Idiots, The","von Trier, Lars",1998,Denmark-Spain-Sweden-France-Netherlands-Italy,117,Drama-Comedy,Col
840,"Producers, The","Brooks, Mel",1968,USA,88,Comedy,Col
841,"Last Bolshevik, The","Marker, Chris",1993,France-Finland,120,Documentary-Biography-History,Col
842,Diary,"Perlov, David",1983,Israel,330,Documentary,Col-BW
843,Au revoir les enfants,"Malle, Louis",1987,France,103,War-Drama,Col
844,"Lusty Men, The","Ray, Nicholas",1952,USA,113,Western-Sport-Drama,BW
845,Sawdust and Tinsel,"Bergman, Ingmar",1953,Sweden,92,Drama,BW
846,"Miracle of Morgan's Creek, The","Sturges, Preston",1944,USA,99,Comedy,BW
847,Forbidden Games,"Clément, René",1952,France,87,War-Drama,BW
848,Street of Shame,"Mizoguchi, Kenji",1956,Japan,87,Drama,BW
849,Veronika Voss,"Fassbinder, Rainer Werner",1982,West Germany,105,Drama,BW
850,Millennium Mambo,Hou Hsiao-hsien,2001,Taiwan-France,119,Drama-Romance,Col
851,"Criminal Life of Archibaldo de la Cruz, The","Buñuel, Luis",1955,Mexico,91,Drama-Crime,BW
852,"Day the Earth Stood Still, The","Wise, Robert",1951,USA,92,Science Fiction,BW
853,"Faster, Pussycat! Kill! Kill!","Meyer, Russ",1965,USA,83,Drama-Comedy-Action,BW
854,"Diaries, Notes and Sketches","Mekas, Jonas",1969,USA,177,Documentary,Col
855,Kwaidan,"Kobayashi, Masaki",1964,Japan,164,Horror-Fantasy,Col
856,Cría cuervos,"Saura, Carlos",1976,Spain,110,Drama-Crime-Mystery,Col
857,"Million, Le","Clair, René",1931,France,85,Comedy-Musical,BW
858,Women on the Verge of a Nervous Breakdown,"Almodóvar, Pedro",1988,Spain,88,Drama-Comedy,Col
859,Fata Morgana,"Herzog, Werner",1971,West Germany,78,Experimental,Col
860,"Right Stuff, The","Kaufman, Philip",1983,USA,193,Drama-Biography,Col
861,Taipei Story,"Yang, Edward",1985,Taiwan,119,Drama,Col
862,Princess Mononoke,"Miyazaki, Hayao",1997,Japan,134,Animated-Adventure-Fantasy,Col
863,Mon oncle d'Amérique,"Resnais, Alain",1980,France,123,Drama-Comedy,Col
864,Anatomy of a Murder,"Preminger, Otto",1959,USA,160,Drama,BW
865,Time of the Gypsies,"Kusturica, Emir",1989,Yugoslavia,142,Drama,Col
866,Caro diario,"Moretti, Nanni",1994,Italy-France,100,Comedy,Col
867,Point Break,"Bigelow, Kathryn",1991,USA-Japan,122,Thriller-Action-Crime,Col
868,"Breakfast Club, The","Hughes, John",1985,USA,97,Drama-Comedy,Col
869,Black Girl,"Sembene, Ousmane",1966,Senegal-France,65,Drama,BW
870,2046,Wong Kar-wai,2004,Hong Kong-China-France-Italy-Germany,129,Science Fiction-Drama-Romance,Col-BW
871,Central Station,"Salles, Walter",1998,Brazil-France-Spain-Japan,110,Drama,Col
872,"Age of the Earth, The","Rocha, Glauber",1980,Brazil,158,Political-Drama-Religious,Col
873,She Wore a Yellow Ribbon,"Ford, John",1949,USA,103,Western-War,Col
874,"Cook, the Thief, His Wife & Her Lover, The","Greenaway, Peter",1989,UK-France,120,Drama,Col
875,It's a Gift,"McLeod, Norman Z.",1934,USA,73,Comedy,BW
876,"Naked Island, The","Shindo, Kaneto",1960,Japan,94,Drama,BW
877,Berlin: Symphony of a Great City,"Ruttmann, Walter",1927,Germany,65,Documentary,BW
878,Duel in the Sun,"Vidor, King",1946,USA,130,Western,Col
879,Dust in the Wind,Hou Hsiao-hsien,1987,Taiwan,109,Romance-Drama,Col
880,Fires Were Started,"Jennings, Humphrey",1943,UK,80,Documentary-Drama,BW
881,Ten,"Kiarostami, Abbas",2002,France-Iran,92,Drama,Col
882,Mother India,"Khan, Mehboob",1957,India,172,Drama-Musical-Family,Col
883,In Praise of Love,"Godard, Jean-Luc",2001,France,97,Drama,Col-BW
884,"Phantom Carriage, The","Sjöström, Victor",1921,Sweden,93,Fantasy-Drama-Horror,BW
885,"Bête humaine, La","Renoir, Jean",1938,France,99,Drama,BW
886,Man of the West,"Mann, Anthony",1958,USA,100,Western,Col
887,As I Was Moving Ahead Occasionally I Saw Brief Glimpses of Beauty,"Mekas, Jonas",2000,USA,288,Documentary-Biography,Col
888,Good Morning,"Ozu, Yasujiro",1959,Japan,94,Comedy,Col
889,Numéro deux,"Godard, Jean-Luc",1975,France,88,Drama,Col
890,My Little Loves,"Eustache, Jean",1974,France,123,Drama,Col
891,"Bridges of Madison County, The","Eastwood, Clint",1995,USA,135,Romance-Drama,Col
892,Strangers When We Meet,"Quine, Richard",1960,USA,117,Drama-Romance,Col
893,Branded to Kill,"Suzuki, Seijun",1967,Japan,91,Crime-Action-Drama,BW
894,Macunaima,"de Andrade, Joaquim Pedro",1969,Brazil,110,Fantasy-Comedy,Col
895,"Last Emperor, The","Bertolucci, Bernardo",1987,China-Italy-UK-France,160,History-Biography,Col
896,Gregory's Girl,"Forsyth, Bill",1980,UK,91,Romance-Comedy,Col
897,Twin Peaks: Fire Walk with Me,"Lynch, David",1992,USA,135,Drama-Horror-Mystery,Col
898,"Match Factory Girl, The","Kaurismäki, Aki",1990,Finland-Sweden,68,Drama-Comedy,Col
899,Pink Flamingos,"Waters, John",1972,USA,92,Comedy-Crime,Col
900,"Lord of the Rings: The Return of the King, The","Jackson, Peter",2003,New Zealand-USA,201,Fantasy-Adventure-Action,Col
901,"Last Temptation of Christ, The","Scorsese, Martin",1988,USA-Canada,164,Religious-Drama,Col
902,Sicilia!,"Straub, Jean-Marie & Danièle Huillet",1999,Italy-France-Germany,66,Drama,BW
903,Knife in the Water,"Polanski, Roman",1962,Poland,94,Drama,BW
904,Duel,"Spielberg, Steven",1971,USA,90,Thriller-Action,Col
905,"Chienne, La","Renoir, Jean",1931,France,95,Drama,BW
906,Sholay,"Sippy, Ramesh",1975,India,162,Action-Drama-Musical,Col
907,Bad Lieutenant,"Ferrara, Abel",1992,USA,98,Drama,Col
908,Forbidden Planet,"Wilcox, Fred M.",1956,USA,98,Science Fiction,Col
909,American Graffiti,"Lucas, George",1973,USA,110,Drama-Comedy,Col
910,Hellzapoppin',"Potter, H.C.",1941,USA,84,Comedy,BW
911,M*A*S*H,"Altman, Robert",1970,USA,116,War-Comedy,Col
912,Simon of the Desert,"Buñuel, Luis",1965,Mexico,43,Short-Drama-Comedy,BW
913,Saraband,"Bergman, Ingmar",2003,Sweden-Denmark-Norway-Italy-Finland-Germany-Austria,120,Drama,Col
914,"Usual Suspects, The","Singer, Bryan",1995,USA,105,Thriller-Mystery-Crime,Col
915,42nd Street,"Bacon, Lloyd",1933,USA,89,Musical-Dance-Comedy,BW
916,"Moi, un Noir","Rouch, Jean",1958,France,70,Drama,Col
917,"Amour fou, L'","Rivette, Jacques",1968,France,252,Drama,BW
918,"Private Life of Sherlock Holmes, The","Wilder, Billy",1970,USA,125,Mystery-Comedy-Drama,Col
919,Dracula,"Fisher, Terence",1958,UK,82,Horror,Col
920,Seventh Heaven,"Borzage, Frank",1927,USA,119,Romance-Drama-War,BW
921,Fellini's Casanova,"Fellini, Federico",1976,Italy,158,Drama-Biography,Col
922,"Misfits, The","Huston, John",1961,USA,124,Western-Romance-Drama,BW
923,Elevator to the Gallows,"Malle, Louis",1958,France,92,Thriller-Crime-Drama,BW
924,"Sun Shines Bright, The","Ford, John",1953,USA,90,Drama-Comedy,BW
925,"Return, The","Zvyagintsev, Andrey",2003,Russia,110,Drama,Col
926,Kill Bill Vol. 1,"Tarantino, Quentin",2003,USA,111,Crime-Action,Col-BW
927,"Outlaw Josey Wales, The","Eastwood, Clint",1976,USA,135,Western-Drama,Col
928,"Loneliness of the Long Distance Runner, The","Richardson, Tony",1962,UK,103,Drama-Sport,BW
929,Summer with Monika,"Bergman, Ingmar",1953,Sweden,96,Drama-Romance,BW
930,Stand by Me,"Reiner, Rob",1986,USA,87,Comedy,Col
931,Arabian Nights,"Pasolini, Pier Paolo",1974,Italy-France,130,Fantasy-Adventure-Drama,Col
932,"Boot, Das","Petersen, Wolfgang",1981,West Germany,149,Action-Adventure-Drama,Col
933,Enter the Dragon,"Clouse, Robert",1973,USA-Hong Kong,97,Thriller-Crime-Action,Col
934,Chikamatsu monogatari,"Mizoguchi, Kenji",1954,Japan,100,Drama-Romance,BW
935,"Jour se lève, Le","Carné, Marcel",1939,France,93,Thriller-Crime-Drama,BW
936,Dog Star Man,"Brakhage, Stan",1964,USA,75,Short-Drama,Col
937,"America, America","Kazan, Elia",1963,USA,168,Drama,BW
938,Topsy-Turvy,"Leigh, Mike",1999,UK-USA,160,Musical-Drama-Comedy,Col
939,"Incredible Shrinking Man, The","Arnold, Jack",1957,USA,81,Science Fiction,BW
940,Hôtel Terminus,"Ophüls, Marcel",1988,USA,267,Documentary-History-War,Col
941,Carlito's Way,"De Palma, Brian",1993,USA,144,Drama-Crime,Col
942,Odd Man Out,"Reed, Carol",1947,UK,115,Drama-Crime-Thriller,BW
943,Holiday,"Cukor, George",1938,USA,93,Comedy,BW
944,"Nuit du carrefour, La","Renoir, Jean",1932,France,70,Crime-Drama-Mystery,BW
945,"Nightmare Before Christmas, The","Selick, Henry",1993,USA,76,Family-Fantasy-Animated,Col
946,They Were Expendable,"Ford, John",1945,USA,135,War-Drama,BW
947,They Live,"Carpenter, John",1988,USA,93,Science Fiction-Thriller-Action,Col
948,O Lucky Man!,"Anderson, Lindsay",1973,UK,173,Fantasy-Drama-Comedy,Col
949,Juliet of the Spirits,"Fellini, Federico",1965,Italy,148,Fantasy-Drama,Col
950,Gilda,"Vidor, Charles",1946,USA,110,Thriller-Drama,BW
951,Ride the High Country,"Peckinpah, Sam",1962,USA,94,Western,Col
952,Deep Red,"Argento, Dario",1975,Italy,98,Thriller-Horror-Mystery,Col
953,Design for Living,"Lubitsch, Ernst",1933,USA,90,Romance-Comedy,BW
954,"Ballad of Narayama, The","Imamura, Shohei",1983,Japan,130,Drama,Col
955,"Better Tomorrow, A","Woo, John",1986,Hong Kong,95,Thriller-Crime-Action,Col
956,"Ten Commandments, The","DeMille, Cecil B.",1956,USA,220,Religious-Drama,Col
957,Mildred Pierce,"Curtiz, Michael",1945,USA,109,Drama,BW
958,Broadcast News,"Brooks, James L.",1987,USA,133,Romance-Comedy-Drama,Col
959,"End of Summer, The","Ozu, Yasujiro",1961,Japan,103,Drama,Col
960,"Enfance nue, L'","Pialat, Maurice",1968,France,80,Drama,Col
961,Red Beard,"Kurosawa, Akira",1965,Japan,185,Drama,BW
962,Touchez pas au Grisbi,"Becker, Jacques",1954,France,94,Thriller-Crime-Drama,BW
963,"Hart of London, The","Chambers, Jack",1970,Canada,80,Avant-Garde,Col-BW
964,Carnival of Souls,"Harvey, Herk",1962,USA,80,Horror,BW
965,Rope,"Hitchcock, Alfred",1948,USA,80,Thriller-Crime-Drama,Col
966,Floating Weeds,"Ozu, Yasujiro",1959,Japan,119,Drama,Col
967,Babe,"Noonan, Chris",1995,Australia,94,Fantasy-Comedy-Family,Col
968,3 Women,"Altman, Robert",1977,USA,125,Drama,Col
969,"Boucher, Le","Chabrol, Claude",1970,France-Italy,94,Thriller-Drama,Col
970,Anatahan,"von Sternberg, Josef",1953,Japan,92,War-Drama,BW
971,To Live,Zhang Yimou,1994,China-Hong Kong,145,Drama,Col
972,Pépé le Moko,"Duvivier, Julien",1937,France,94,Romance-Drama-Crime,BW
973,Cul-de-sac,"Polanski, Roman",1966,UK,111,Thriller-Drama,BW
974,Get Carter,"Hodges, Mike",1971,UK,112,Crime,Col
975,Ludwig,"Visconti, Luchino",1973,Italy-France-West Germany,235,Drama-Biography-History,Col
976,Black Orpheus,"Camus, Marcel",1959,Brazil-France,103,Drama-Romance,Col
977,"Go-Between, The","Losey, Joseph",1971,UK,116,Romance-Drama,Col
978,Before Sunrise,"Linklater, Richard",1995,USA,101,Romance-Drama,Col
979,Gentlemen Prefer Blondes,"Hawks, Howard",1953,USA,91,Romance-Musical-Comedy,Col
980,Reds,"Beatty, Warren",1981,USA,200,History-Drama-Biography,Col
981,"Humanité, L'","Dumont, Bruno",1999,France,141,Drama-Mystery,Col
982,"Adventures of Prince Achmed, The","Reiniger, Lotte",1926,Germany,65,Animated-Adventure-Fantasy,BW
983,"Spring, Summer, Autumn, Winter… and Spring",Kim Ki-duk,2003,South Korea-Germany,103,Drama,Col
984,"Thing from Another World, The","Nyby, Christian/Howard Hawks",1951,USA,87,Science Fiction-Horror,BW
985,Exotica,"Egoyan, Atom",1994,Canada,104,Drama,Col
986,On the Town,"Donen, Stanley/Gene Kelly",1949,USA,98,Musical-Dance,Col
987,Bad Timing,"Roeg, Nicolas",1980,UK,129,Drama,Col
988,Zabriskie Point,"Antonioni, Michelangelo",1970,USA,112,Drama,Col
989,National Lampoon's Animal House,"Landis, John",1978,USA,109,Comedy,Col
990,Second Breath,"Melville, Jean-Pierre",1966,France,144,Drama,BW
991,"Nutty Professor, The","Lewis, Jerry",1963,USA,107,Comedy,Col
992,Fantômas,"Feuillade, Louis",1913,France,334,Crime-Drama,BW
993,"Reckless Moment, The","Ophüls, Max",1949,USA,82,Drama-Crime,BW
994,Female Trouble,"Waters, John",1974,USA,95,Crime-Comedy,Col
995,Yol,"Gören, Serif & Yilmaz Güney",1982,Turkey-Switzerland-France,114,Drama,Col
996,Häxan,"Christensen, Benjamin",1922,Sweden,83,Documentary-Horror,BW
997,Humanity and Paper Balloons,"Yamanaka, Sadao",1937,Japan,86,Drama,BW
998,"Tale of the Wind, A","Ivens, Joris",1988,France-UK-West Germany-Netherlands,80,Documentary,Col
999,"Straight Story, The","Lynch, David",1999,USA-France-UK,111,Drama,Col
1000,Subarnarekha,"Ghatak, Ritwik",1965,India,143,Drama,BW